image,name,author,format,book_depository_stars,price,currency,old_price,isbn,category,img_paths
"https://res.cloudinary.com/dwejbxhu7/image/upload/v1775648216/books/Medical/0000001.jpg","This is Going to Hurt","Adam Kay","Paperback","4.5","7.6","$","11.4","9781509858637","Medical","dataset/Medical/0000001.jpg"
"https://res.cloudinary.com/dwejbxhu7/image/upload/v1775648218/books/Medical/0000002.jpg","Thinking, Fast and Slow","Daniel Kahneman","Paperback","4.0","11.5","$","15.0","9780141033570","Medical","dataset/Medical/0000002.jpg"
"https://res.cloudinary.com/dwejbxhu7/image/upload/v1775648219/books/Medical/0000003.jpg","When Breath Becomes Air","Paul Kalanithi","Paperback","4.5","9.05","$","11.5","9781784701994","Medical","dataset/Medical/0000003.jpg"
"https://res.cloudinary.com/dwejbxhu7/image/upload/v1775648224/books/Medical/0000004.jpg","The Happiness Trap","Russ Harris","Paperback","4.0","8.34","$","13.9","9781845298258","Medical","dataset/Medical/0000004.jpg"
"https://res.cloudinary.com/dwejbxhu7/image/upload/v1775648226/books/Medical/0000005.jpg","Man's Search For Meaning","Viktor E. Frankl","Paperback","4.5","9.66","$","","9781846041242","Medical","dataset/Medical/0000005.jpg"
"https://res.cloudinary.com/dwejbxhu7/image/upload/v1775648227/books/Medical/0000006.jpg","The Man Who Mistook His Wife for a Hat","Oliver Sacks","Paperback","4.0","5.92","$","14.8","9780330523622","Medical","dataset/Medical/0000006.jpg"
"https://res.cloudinary.com/dwejbxhu7/image/upload/v1775648228/books/Medical/0000007.jpg","The 8-week Blood Sugar Diet","Michael Mosley","Paperback","4.0","8.85","$","11.3","9781780722405","Medical","dataset/Medical/0000007.jpg"
"https://res.cloudinary.com/dwejbxhu7/image/upload/v1775648230/books/Medical/0000008.jpg","The Clever Guts Diet","Michael Mosley","Paperback","4.0","8.92","$","11.3","9781780723044","Medical","dataset/Medical/0000008.jpg"
"https://res.cloudinary.com/dwejbxhu7/image/upload/v1775648231/books/Medical/0000009.jpg","12 Rules for Life","Jordan B. Peterson","Paperback","4.0","18.31","$","","9780241351642","Medical","dataset/Medical/0000009.jpg"
"https://res.cloudinary.com/dwejbxhu7/image/upload/v1775648232/books/Medical/0000010.jpg","Being Mortal","Atul Gawande","Paperback","4.5","9.03","$","11.5","9781846685828","Medical","dataset/Medical/0000010.jpg"
"https://res.cloudinary.com/dwejbxhu7/image/upload/v1775648234/books/Medical/0000011.jpg","Gut","Giulia Enders","Paperback","4.0","10.49","$","11.4","9781925228601","Medical","dataset/Medical/0000011.jpg"
"https://res.cloudinary.com/dwejbxhu7/image/upload/v1775648235/books/Medical/0000012.jpg","The Brain That Changes Itself","Norman Doidge","Paperback","4.0","11.03","$","13.9","9780141038872","Medical","dataset/Medical/0000012.jpg"
"https://res.cloudinary.com/dwejbxhu7/image/upload/v1775648236/books/Medical/0000013.jpg","Medical Medium Liver Rescue","Anthony William","Hardback","4.0","23.76","$","32.5","9781401954406","Medical","dataset/Medical/0000013.jpg"
"https://res.cloudinary.com/dwejbxhu7/image/upload/v1775648237/books/Medical/0000014.jpg","Wreck This Journal","Keri Smith","Paperback","4.0","9.59","$","12.9","9780141976143","Medical","dataset/Medical/0000014.jpg"
"https://res.cloudinary.com/dwejbxhu7/image/upload/v1775648238/books/Medical/0000015.jpg","12 Rules for Life","Jordan B. Peterson","Hardback","4.0","20.99","$","25.2","9780241351635","Medical","dataset/Medical/0000015.jpg"
"https://res.cloudinary.com/dwejbxhu7/image/upload/v1775648239/books/Medical/0000016.jpg","12 Rules for Life","Jordan B. Peterson","Paperback","4.0","10.26","$","12.9","9780141988511","Medical","dataset/Medical/0000016.jpg"
"https://res.cloudinary.com/dwejbxhu7/image/upload/v1775648240/books/Medical/0000017.jpg","Gut and Psychology Syndrome","Dr Natasha Campbell-McBride","Paperback","4.0","19.48","$","26.5","9780954852023","Medical","dataset/Medical/0000017.jpg"
"https://res.cloudinary.com/dwejbxhu7/image/upload/v1775648242/books/Medical/0000018.jpg","Medical Medium Thyroid Healing","Anthony William","Hardback","4.0","17.26","$","26.5","9781401948368","Medical","dataset/Medical/0000018.jpg"
"https://res.cloudinary.com/dwejbxhu7/image/upload/v1775648243/books/Medical/0000019.jpg","Steal Like an Artist","Austin Kleon","Paperback","4.0","8.81","$","11.95","9780761169253","Medical","dataset/Medical/0000019.jpg"
"https://res.cloudinary.com/dwejbxhu7/image/upload/v1775647958/books/Medical/0000020.jpg","Sitting Still Like A Frog","Eline Snel","Paperback","4.0","10.4","$","15.0","9781611800586","Medical","dataset/Medical/0000020.jpg"
"https://res.cloudinary.com/dwejbxhu7/image/upload/v1775648245/books/Science-Geography/0000001.jpg","Sapiens","Yuval Noah Harari","Paperback","4.5","12.98","$","","9780099590088","Science-Geography","dataset/Science-Geography/0000001.jpg"
"https://res.cloudinary.com/dwejbxhu7/image/upload/v1775648246/books/Science-Geography/0000002.jpg","When Breath Becomes Air","Paul Kalanithi","Paperback","4.5","9.05","$","11.5","9781784701994","Science-Geography","dataset/Science-Geography/0000002.jpg"
"https://res.cloudinary.com/dwejbxhu7/image/upload/v1775648247/books/Science-Geography/0000003.jpg","Homo Deus","Yuval Noah Harari","Paperback","4.5","12.9","$","","9781784703936","Science-Geography","dataset/Science-Geography/0000003.jpg"
"https://res.cloudinary.com/dwejbxhu7/image/upload/v1775648248/books/Science-Geography/0000004.jpg","Brief Answers to the Big Questions","Stephen Hawking","Hardback","4.5","11.64","$","18.0","9781473695986","Science-Geography","dataset/Science-Geography/0000004.jpg"
"https://res.cloudinary.com/dwejbxhu7/image/upload/v1775648249/books/Science-Geography/0000005.jpg","The Man Who Mistook His Wife for a Hat","Oliver Sacks","Paperback","4.0","5.92","$","14.8","9780330523622","Science-Geography","dataset/Science-Geography/0000005.jpg"
"https://res.cloudinary.com/dwejbxhu7/image/upload/v1775648251/books/Science-Geography/0000006.jpg","A Brief History Of Time","Stephen Hawking","Paperback","4.0","9.62","$","12.4","9780857501004","Science-Geography","dataset/Science-Geography/0000006.jpg"
"https://res.cloudinary.com/dwejbxhu7/image/upload/v1775648252/books/Science-Geography/0000007.jpg","The Clever Guts Diet","Michael Mosley","Paperback","4.0","8.92","$","11.3","9781780723044","Science-Geography","dataset/Science-Geography/0000007.jpg"
"https://res.cloudinary.com/dwejbxhu7/image/upload/v1775648253/books/Science-Geography/0000008.jpg","Being Mortal","Atul Gawande","Paperback","4.5","9.03","$","11.5","9781846685828","Science-Geography","dataset/Science-Geography/0000008.jpg"
"https://res.cloudinary.com/dwejbxhu7/image/upload/v1775648254/books/Science-Geography/0000009.jpg","The Power of Habit","Charles Duhigg","Paperback","4.0","10.41","$","12.4","9781847946249","Science-Geography","dataset/Science-Geography/0000009.jpg"
"https://res.cloudinary.com/dwejbxhu7/image/upload/v1775648255/books/Science-Geography/0000010.jpg","Gut","Giulia Enders","Paperback","4.0","10.49","$","11.4","9781925228601","Science-Geography","dataset/Science-Geography/0000010.jpg"
"https://res.cloudinary.com/dwejbxhu7/image/upload/v1775648257/books/Science-Geography/0000011.jpg","The Brain That Changes Itself","Norman Doidge","Paperback","4.0","11.03","$","13.9","9780141038872","Science-Geography","dataset/Science-Geography/0000011.jpg"
"https://res.cloudinary.com/dwejbxhu7/image/upload/v1775648258/books/Science-Geography/0000012.jpg","Astrophysics for People in a Hurry","Neil Degrasse Tyson","Hardback","4.0","13.37","$","17.0","9780393609394","Science-Geography","dataset/Science-Geography/0000012.jpg"
"https://res.cloudinary.com/dwejbxhu7/image/upload/v1775648259/books/Science-Geography/0000013.jpg","Prisoners of Geography","Tim Marshall","Paperback","4.0","10.86","$","12.4","9781783962433","Science-Geography","dataset/Science-Geography/0000013.jpg"
"https://res.cloudinary.com/dwejbxhu7/image/upload/v1775648260/books/Science-Geography/0000014.jpg","What If?","Randall Munroe","Paperback","4.0","10.62","$","12.4","9781848549562","Science-Geography","dataset/Science-Geography/0000014.jpg"
"https://res.cloudinary.com/dwejbxhu7/image/upload/v1775648262/books/Science-Geography/0000015.jpg","Guns, Germs And Steel","Jared Diamond","Paperback","4.0","13.17","$","13.9","9780099302780","Science-Geography","dataset/Science-Geography/0000015.jpg"
"https://res.cloudinary.com/dwejbxhu7/image/upload/v1775648263/books/Science-Geography/0000016.jpg","Yoga Anatomy","Leslie Kaminoff","Paperback","4.5","17.73","$","21.1","9781450400244","Science-Geography","dataset/Science-Geography/0000016.jpg"
"https://res.cloudinary.com/dwejbxhu7/image/upload/v1775648264/books/Science-Geography/0000017.jpg","Where Did I Come From?","Peter Mayle","Paperback","4.0","9.51","$","","9780818402531","Science-Geography","dataset/Science-Geography/0000017.jpg"
"https://res.cloudinary.com/dwejbxhu7/image/upload/v1775648265/books/Science-Geography/0000018.jpg","Lion","Saroo Brierley","Paperback","4.0","8.85","$","10.8","9781405930994","Science-Geography","dataset/Science-Geography/0000018.jpg"
"https://res.cloudinary.com/dwejbxhu7/image/upload/v1775648266/books/Science-Geography/0000019.jpg","A Brief History Of Time","Stephen Hawking","Paperback","4.0","9.12","$","10.5","9780553176988","Science-Geography","dataset/Science-Geography/0000019.jpg"
"https://res.cloudinary.com/dwejbxhu7/image/upload/v1775648267/books/Science-Geography/0000020.jpg","Into the Wild","Jon Krakauer","Paperback","4.0","7.07","$","11.4","9780330351690","Science-Geography","dataset/Science-Geography/0000020.jpg"
"https://res.cloudinary.com/dwejbxhu7/image/upload/v1775648269/books/Art-Photography/0000001.jpg","Fantastic Beasts and Where to Find Them","J. K. Rowling","Hardback","4.5","11.05","$","21.5","9781408708989","Art-Photography","dataset/Art-Photography/0000001.jpg"
"https://res.cloudinary.com/dwejbxhu7/image/upload/v1775648270/books/Art-Photography/0000002.jpg","The Mindfulness Colouring Book","Emma Farrarons","Paperback","4.0","6.80","$","10.5","9780752265629","Art-Photography","dataset/Art-Photography/0000002.jpg"
"https://res.cloudinary.com/dwejbxhu7/image/upload/v1775648274/books/Art-Photography/0000003.jpg","Fantastic Beasts: The Crimes of Grindelwald - The Original Screenplay","J.K. Rowling","Hardback","4.0","15.14","$","18.0","9781408711705","Art-Photography","dataset/Art-Photography/0000003.jpg"
"https://res.cloudinary.com/dwejbxhu7/image/upload/v1775648275/books/Art-Photography/0000004.jpg","Moleskine Large Watercolour Album And Notebook","Moleskine","Notebook / blank book","0.0","11.86","$","19.9","9788883705625","Art-Photography","dataset/Art-Photography/0000004.jpg"
"https://res.cloudinary.com/dwejbxhu7/image/upload/v1775648277/books/Art-Photography/0000005.jpg","The Complete MAUS","Art Spiegelman","Paperback","4.5","17.61","$","21.1","9780141014081","Art-Photography","dataset/Art-Photography/0000005.jpg"
"https://res.cloudinary.com/dwejbxhu7/image/upload/v1775648278/books/Art-Photography/0000006.jpg","Humans of New York","Brandon Stanton","Hardback","4.5","21.46","$","30.4","9781250038821","Art-Photography","dataset/Art-Photography/0000006.jpg"
"https://res.cloudinary.com/dwejbxhu7/image/upload/v1775648279/books/Art-Photography/0000007.jpg","Ways of Seeing","John Berger","Paperback","4.0","8.36","$","10.3","9780141035796","Art-Photography","dataset/Art-Photography/0000007.jpg"
"https://res.cloudinary.com/dwejbxhu7/image/upload/v1775648281/books/Art-Photography/0000008.jpg","Millie Marotta's Animal Kingdom","Millie Marotta","Paperback","4.5","11.60","$","12.9","9781849941679","Art-Photography","dataset/Art-Photography/0000008.jpg"
"https://res.cloudinary.com/dwejbxhu7/image/upload/v1775648282/books/Art-Photography/0000009.jpg","The Hare with Amber Eyes","Edmund de Waal","Paperback","4.0","12.75","$","13.9","9780099539551","Art-Photography","dataset/Art-Photography/0000009.jpg"
"https://res.cloudinary.com/dwejbxhu7/image/upload/v1775648283/books/Art-Photography/0000010.jpg","Moleskine Large Sketchbook Black","","Notebook / blank book","4.5","12.18","$","19.9","9788883701153","Art-Photography","dataset/Art-Photography/0000010.jpg"
"https://res.cloudinary.com/dwejbxhu7/image/upload/v1775648284/books/Art-Photography/0000011.jpg","Just Kids","Patti Smith","Paperback","4.0","9.43","$","12.4","9780747568766","Art-Photography","dataset/Art-Photography/0000011.jpg"
"https://res.cloudinary.com/dwejbxhu7/image/upload/v1775648285/books/Art-Photography/0000012.jpg","Born to Run","Bruce Springsteen","Hardback","4.0","27.12","$","","9781471157790","Art-Photography","dataset/Art-Photography/0000012.jpg"
"https://res.cloudinary.com/dwejbxhu7/image/upload/v1775648286/books/Art-Photography/0000013.jpg","Music Theory in Practice, Grade 1","Eric Taylor","Sheet music","4.0","7.26","$","","9781860969423","Art-Photography","dataset/Art-Photography/0000013.jpg"
"https://res.cloudinary.com/dwejbxhu7/image/upload/v1775648288/books/Art-Photography/0000014.jpg","Harry Potter - A History of Magic","British Library","Hardback","4.0","30.92","$","37.6","9781408890769","Art-Photography","dataset/Art-Photography/0000014.jpg"
"https://res.cloudinary.com/dwejbxhu7/image/upload/v1775648289/books/Art-Photography/0000015.jpg","Scar Tissue","Anthony Kiedis","Paperback","4.0","10.66","$","13.9","9780751535662","Art-Photography","dataset/Art-Photography/0000015.jpg"
"https://res.cloudinary.com/dwejbxhu7/image/upload/v1775648290/books/Art-Photography/0000016.jpg","How to Draw Anything","Mark Linley","Paperback","3.5","5.26","$","10.3","9780716022237","Art-Photography","dataset/Art-Photography/0000016.jpg"
"https://res.cloudinary.com/dwejbxhu7/image/upload/v1775648291/books/Art-Photography/0000017.jpg","The Artist's Way","Julia Cameron","Paperback","4.0","12.61","$","21.1","9781509829477","Art-Photography","dataset/Art-Photography/0000017.jpg"
"https://res.cloudinary.com/dwejbxhu7/image/upload/v1775648292/books/Art-Photography/0000018.jpg","Chanel","Daniele Bott","Hardback","4.0","31.18","$","37.1","9780500513606","Art-Photography","dataset/Art-Photography/0000018.jpg"
"https://res.cloudinary.com/dwejbxhu7/image/upload/v1775648294/books/Art-Photography/0000019.jpg","Coco Chanel","Isabel Sanchez Vegara","Hardback","4.0","10.01","$","12.9","9781847807717","Art-Photography","dataset/Art-Photography/0000019.jpg"
"https://res.cloudinary.com/dwejbxhu7/image/upload/v1775648295/books/Art-Photography/0000020.jpg","John Thompson's Easiest Piano Course","John Thompson","Paperback","4.0","6.71","$","8.0","9780877180128","Art-Photography","dataset/Art-Photography/0000020.jpg"
"https://res.cloudinary.com/dwejbxhu7/image/upload/v1775648296/books/Biography/0000001.jpg","This is Going to Hurt","Adam Kay","Paperback","4.5","7.6","$","11.4","9781509858637","Biography","dataset/Biography/0000001.jpg"
"https://res.cloudinary.com/dwejbxhu7/image/upload/v1775648297/books/Biography/0000002.jpg","Good Night Stories for Rebel Girls","Elena Favilli","Hardback","4.5","20.86","$","24.0","9780141986005","Biography","dataset/Biography/0000002.jpg"
"https://res.cloudinary.com/dwejbxhu7/image/upload/v1775648298/books/Biography/0000003.jpg","Becoming","Michelle Obama","Hardback","4.5","24.21","$","26.0","9780241334140","Biography","dataset/Biography/0000003.jpg"
"https://res.cloudinary.com/dwejbxhu7/image/upload/v1775648300/books/Biography/0000004.jpg","Educated","Tara Westover","Paperback","4.5","9.61","$","11.5","9780099511021","Biography","dataset/Biography/0000004.jpg"
"https://res.cloudinary.com/dwejbxhu7/image/upload/v1775648301/books/Biography/0000005.jpg","When Breath Becomes Air","Paul Kalanithi","Paperback","4.5","9.05","$","11.5","9781784701994","Biography","dataset/Biography/0000005.jpg"
"https://res.cloudinary.com/dwejbxhu7/image/upload/v1775648302/books/Biography/0000006.jpg","Lost Connections","Johann Hari","Paperback","4.5","8.53","$","11.5","9781408878729","Biography","dataset/Biography/0000006.jpg"
"https://res.cloudinary.com/dwejbxhu7/image/upload/v1775648303/books/Biography/0000007.jpg","Man's Search For Meaning","Viktor E. Frankl","Paperback","4.5","9.66","$","","9781846041242","Biography","dataset/Biography/0000007.jpg"
"https://res.cloudinary.com/dwejbxhu7/image/upload/v1775648304/books/Biography/0000008.jpg","I Know Why the Caged Bird Sings","Maya Angelou","Paperback","4.0","7.07","$","","9780345514400","Biography","dataset/Biography/0000008.jpg"
"https://res.cloudinary.com/dwejbxhu7/image/upload/v1775648305/books/Biography/0000009.jpg","Brief Answers to the Big Questions","Stephen Hawking","Hardback","4.5","11.64","$","18.0","9781473695986","Biography","dataset/Biography/0000009.jpg"
"https://res.cloudinary.com/dwejbxhu7/image/upload/v1775648306/books/Biography/0000010.jpg","Born A Crime","Trevor Noah","Paperback","4.5","8.3","$","12.4","9781473635302","Biography","dataset/Biography/0000010.jpg"
"https://res.cloudinary.com/dwejbxhu7/image/upload/v1775648307/books/Biography/0000011.jpg","Goodnight Stories for Rebel Girls 2","Elena Favilli","Hardback","4.5","21.15","$","30.9","9780997895827","Biography","dataset/Biography/0000011.jpg"
"https://res.cloudinary.com/dwejbxhu7/image/upload/v1775648309/books/Biography/0000012.jpg","The Choice","Edith Eger","Paperback","4.5","9.37","$","11.5","9781846045127","Biography","dataset/Biography/0000012.jpg"
"https://res.cloudinary.com/dwejbxhu7/image/upload/v1775648310/books/Biography/0000013.jpg","Can't Hurt Me","David Goggins","Paperback","4.5","19.37","$","","9781544512273","Biography","dataset/Biography/0000013.jpg"
"https://res.cloudinary.com/dwejbxhu7/image/upload/v1775648311/books/Biography/0000014.jpg","Elon Musk","Ashlee Vance","Paperback","4.0","7.61","$","7.8","9780753557525","Biography","dataset/Biography/0000014.jpg"
"https://res.cloudinary.com/dwejbxhu7/image/upload/v1775648312/books/Biography/0000015.jpg","The Complete MAUS","Art Spiegelman","Paperback","4.5","17.61","$","21.1","9780141014081","Biography","dataset/Biography/0000015.jpg"
"https://res.cloudinary.com/dwejbxhu7/image/upload/v1775648313/books/Biography/0000016.jpg","Tuesdays With Morrie","Mitch Albom","Paperback","4.0","5.15","$","11.4","9780751529814","Biography","dataset/Biography/0000016.jpg"
"https://res.cloudinary.com/dwejbxhu7/image/upload/v1775648315/books/Biography/0000017.jpg","Bad Blood","John Carreyrou","Paperback","4.5","8.4","$","12.4","9781509868087","Biography","dataset/Biography/0000017.jpg"
"https://res.cloudinary.com/dwejbxhu7/image/upload/v1775648316/books/Biography/0000018.jpg","The Diary of a Young Girl","Anne Frank","Paperback","4.0","6.52","$","","9780553296983","Biography","dataset/Biography/0000018.jpg"
"https://res.cloudinary.com/dwejbxhu7/image/upload/v1775648317/books/Biography/0000019.jpg","Eat, Pray, Love","Elizabeth Gilbert","Paperback","3.5","8.86","$","11.4","9780747585664","Biography","dataset/Biography/0000019.jpg"
"https://res.cloudinary.com/dwejbxhu7/image/upload/v1775648318/books/Biography/0000020.jpg","No Friend but the Mountains","Behrouz Boochani","Paperback","4.0","8.68","$","12.4","9781529028485","Biography","dataset/Biography/0000020.jpg"
"https://res.cloudinary.com/dwejbxhu7/image/upload/v1775648320/books/Business-Finance-Law/0000001.jpg","The Barefoot Investor","Scott Pape","Paperback","4.5","14.06","$","17.6","9780730324218","Business-Finance-Law","dataset/Business-Finance-Law/0000001.jpg"
"https://res.cloudinary.com/dwejbxhu7/image/upload/v1775648321/books/Business-Finance-Law/0000002.jpg","How to Win Friends and Influence People","Dale Carnegie","Paperback","4.0","8.3","$","9.5","9781439199190","Business-Finance-Law","dataset/Business-Finance-Law/0000002.jpg"
"https://res.cloudinary.com/dwejbxhu7/image/upload/v1775648322/books/Business-Finance-Law/0000003.jpg","Thinking, Fast and Slow","Daniel Kahneman","Paperback","4.0","11.5","$","15.0","9780141033570","Business-Finance-Law","dataset/Business-Finance-Law/0000003.jpg"
"https://res.cloudinary.com/dwejbxhu7/image/upload/v1775648323/books/Business-Finance-Law/0000004.jpg","Start With Why","Simon Sinek","Paperback","4.0","8.9","$","12.4","9780241958223","Business-Finance-Law","dataset/Business-Finance-Law/0000004.jpg"
"https://res.cloudinary.com/dwejbxhu7/image/upload/v1775648324/books/Business-Finance-Law/0000005.jpg","Man's Search For Meaning","Viktor E. Frankl","Paperback","4.5","9.66","$","","9781846041242","Business-Finance-Law","dataset/Business-Finance-Law/0000005.jpg"
"https://res.cloudinary.com/dwejbxhu7/image/upload/v1775648325/books/Business-Finance-Law/0000006.jpg","Daring Greatly","Brene Brown","Paperback","4.5","9.6","$","12.4","9780241257401","Business-Finance-Law","dataset/Business-Finance-Law/0000006.jpg"
"https://res.cloudinary.com/dwejbxhu7/image/upload/v1775648327/books/Business-Finance-Law/0000007.jpg","The Intelligent Investor","Benjamin Graham","Paperback","4.0","15.99","$","25.2","9780060555665","Business-Finance-Law","dataset/Business-Finance-Law/0000007.jpg"
"https://res.cloudinary.com/dwejbxhu7/image/upload/v1775648328/books/Business-Finance-Law/0000008.jpg","Dare to Lead","Brene Brown","Paperback","4.0","13.09","$","16.0","9781785042140","Business-Finance-Law","dataset/Business-Finance-Law/0000008.jpg"
"https://res.cloudinary.com/dwejbxhu7/image/upload/v1775648329/books/Business-Finance-Law/0000009.jpg","Mindset - Updated Edition","Carol Dweck","Paperback","4.0","8.6","$","13.9","9781472139955","Business-Finance-Law","dataset/Business-Finance-Law/0000009.jpg"
"https://res.cloudinary.com/dwejbxhu7/image/upload/v1775648330/books/Business-Finance-Law/0000010.jpg","The 4-Hour Work Week","Timothy Ferriss","Paperback","4.0","14.32","$","16.0","9780091929114","Business-Finance-Law","dataset/Business-Finance-Law/0000010.jpg"
"https://res.cloudinary.com/dwejbxhu7/image/upload/v1775648331/books/Business-Finance-Law/0000011.jpg","Rich Dad Poor Dad","Robert T. Kiyosaki","Paperback","4.0","7.34","$","","9781612680194","Business-Finance-Law","dataset/Business-Finance-Law/0000011.jpg"
"https://res.cloudinary.com/dwejbxhu7/image/upload/v1775648332/books/Business-Finance-Law/0000012.jpg","Factfulness","Hans Rosling","Hardback","4.5","11.82","$","18.0","9781473637467","Business-Finance-Law","dataset/Business-Finance-Law/0000012.jpg"
"https://res.cloudinary.com/dwejbxhu7/image/upload/v1775648333/books/Business-Finance-Law/0000013.jpg","influence","Robert B. Cialdini","Paperback","4.0","11.38","$","19.1","9780061241895","Business-Finance-Law","dataset/Business-Finance-Law/0000013.jpg"
"https://res.cloudinary.com/dwejbxhu7/image/upload/v1775648334/books/Business-Finance-Law/0000014.jpg","Never Split the Difference","Chris Voss","Paperback","4.5","7.69","$","8.3","9781847941497","Business-Finance-Law","dataset/Business-Finance-Law/0000014.jpg"
"https://res.cloudinary.com/dwejbxhu7/image/upload/v1775648335/books/Business-Finance-Law/0000015.jpg","Principles","Ray Dalio","Hardback","4.0","18.34","$","30.4","9781501124020","Business-Finance-Law","dataset/Business-Finance-Law/0000015.jpg"
"https://res.cloudinary.com/dwejbxhu7/image/upload/v1775648336/books/Business-Finance-Law/0000016.jpg","Elon Musk","Ashlee Vance","Paperback","4.0","7.61","$","7.8","9780753557525","Business-Finance-Law","dataset/Business-Finance-Law/0000016.jpg"
"https://res.cloudinary.com/dwejbxhu7/image/upload/v1775648338/books/Business-Finance-Law/0000017.jpg","Bad Blood","John Carreyrou","Paperback","4.5","8.4","$","12.4","9781509868087","Business-Finance-Law","dataset/Business-Finance-Law/0000017.jpg"
"https://res.cloudinary.com/dwejbxhu7/image/upload/v1775648339/books/Business-Finance-Law/0000018.jpg","Legacy","James Kerr","Paperback","4.0","9.7","$","16.0","9781472103536","Business-Finance-Law","dataset/Business-Finance-Law/0000018.jpg"
"https://res.cloudinary.com/dwejbxhu7/image/upload/v1775648340/books/Business-Finance-Law/0000019.jpg","The Lean Startup","Eric Ries","Paperback","4.0","11.5","$","21.0","9780670921607","Business-Finance-Law","dataset/Business-Finance-Law/0000019.jpg"
"https://res.cloudinary.com/dwejbxhu7/image/upload/v1775648341/books/Business-Finance-Law/0000020.jpg","StrengthsFinder 2.0","Tom Rath","Hardback","4.0","17.97","$","22.99","9781595620156","Business-Finance-Law","dataset/Business-Finance-Law/0000020.jpg"
"https://res.cloudinary.com/dwejbxhu7/image/upload/v1775648342/books/Childrens-Books/0000001.jpg","Dear Zoo","Rod Campbell","Board book","4.5","6.76","$","","9781416947370","Childrens-Books","dataset/Childrens-Books/0000001.jpg"
"https://res.cloudinary.com/dwejbxhu7/image/upload/v1775648343/books/Childrens-Books/0000002.jpg","The Very Hungry Caterpillar","Eric Carle","Board book","4.5","7.23","$","8.8","9780241003008","Childrens-Books","dataset/Childrens-Books/0000002.jpg"
"https://res.cloudinary.com/dwejbxhu7/image/upload/v1775648344/books/Childrens-Books/0000003.jpg","Where Is the Green Sheep?","Judy Horacek","Board book","4.0","7.98","$","","9780152067045","Childrens-Books","dataset/Childrens-Books/0000003.jpg"
"https://res.cloudinary.com/dwejbxhu7/image/upload/v1775648345/books/Childrens-Books/0000004.jpg","Giraffes Can't Dance","Giles Andreae","Paperback","4.5","7.30","$","8.8","9781841215655","Childrens-Books","dataset/Childrens-Books/0000004.jpg"
"https://res.cloudinary.com/dwejbxhu7/image/upload/v1775648346/books/Childrens-Books/0000005.jpg","Secret Garden","Johanna Basford","Paperback","4.5","11.24","$","12.4","9781780671062","Childrens-Books","dataset/Childrens-Books/0000005.jpg"
"https://res.cloudinary.com/dwejbxhu7/image/upload/v1775648348/books/Childrens-Books/0000006.jpg","The Little Prince","Antoine de Saint-Exupery","Paperback","4.5","3.19","$","","9781853261589","Childrens-Books","dataset/Childrens-Books/0000006.jpg"
"https://res.cloudinary.com/dwejbxhu7/image/upload/v1775648349/books/Childrens-Books/0000007.jpg","Have You Filled A Bucket Today?","Carol McCloud","Paperback","4.5","8.66","$","11.4","9780996099936","Childrens-Books","dataset/Childrens-Books/0000007.jpg"
"https://res.cloudinary.com/dwejbxhu7/image/upload/v1775648350/books/Childrens-Books/0000008.jpg","Harry Potter and the Cursed Child - Parts I & II","J. K. Rowling","Hardback","3.5","15.43","$","26.3","9780751565355","Childrens-Books","dataset/Childrens-Books/0000008.jpg"
"https://res.cloudinary.com/dwejbxhu7/image/upload/v1775648352/books/Childrens-Books/0000009.jpg","There Was an Old Lady Who Swallowed a Fly","Pam Adams","Board book","4.0","5.89","$","6.2","9780859537278","Childrens-Books","dataset/Childrens-Books/0000009.jpg"
"https://res.cloudinary.com/dwejbxhu7/image/upload/v1775648353/books/Childrens-Books/0000010.jpg","Wonder","R. J. Palacio","Paperback","4.5","8.32","$","8.8","9780552565974","Childrens-Books","dataset/Childrens-Books/0000010.jpg"
"https://res.cloudinary.com/dwejbxhu7/image/upload/v1775648354/books/Childrens-Books/0000011.jpg","Look Inside Your Body","Louie Stowell","Hardback","4.5","10.65","$","12.9","9781409549475","Childrens-Books","dataset/Childrens-Books/0000011.jpg"
"https://res.cloudinary.com/dwejbxhu7/image/upload/v1775648355/books/Childrens-Books/0000012.jpg","The Day the Crayons Quit","Drew Daywalt","Paperback","4.5","9.50","$","12.9","9780007513765","Childrens-Books","dataset/Childrens-Books/0000012.jpg"
"https://res.cloudinary.com/dwejbxhu7/image/upload/v1775648356/books/Childrens-Books/0000013.jpg","The Snail and the Whale","Julia Donaldson","Paperback","4.5","8.75","$","8.95","9780142405802","Childrens-Books","dataset/Childrens-Books/0000013.jpg"
"https://res.cloudinary.com/dwejbxhu7/image/upload/v1775648357/books/Childrens-Books/0000014.jpg","Room on the Broom","Julia Donaldson","Paperback","4.5","8.11","$","8.95","9780142501122","Childrens-Books","dataset/Childrens-Books/0000014.jpg"
"https://res.cloudinary.com/dwejbxhu7/image/upload/v1775648358/books/Childrens-Books/0000015.jpg","The Wonky Donkey","Craig Smith","Paperback","4.5","6.45","$","9.3","9780545261241","Childrens-Books","dataset/Childrens-Books/0000015.jpg"
"https://res.cloudinary.com/dwejbxhu7/image/upload/v1775648359/books/Childrens-Books/0000016.jpg","Ten Little Fingers and Ten Little Toes","Mem Fox","Board book","4.0","8.15","$","","9781406331264","Childrens-Books","dataset/Childrens-Books/0000016.jpg"
"https://res.cloudinary.com/dwejbxhu7/image/upload/v1775648361/books/Childrens-Books/0000017.jpg","Animal Farm","George Orwell","Paperback","4.0","7.98","$","10.3","9780141036137","Childrens-Books","dataset/Childrens-Books/0000017.jpg"
"https://res.cloudinary.com/dwejbxhu7/image/upload/v1775648362/books/Childrens-Books/0000018.jpg","Peppa Pig: Little Library","Peppa Pig","Board book","4.0","7.22","$","","9781409303183","Childrens-Books","dataset/Childrens-Books/0000018.jpg"
"https://res.cloudinary.com/dwejbxhu7/image/upload/v1775648363/books/Childrens-Books/0000019.jpg","The Wonderful Things You Will Be","Emily Winfield Martin","Hardback","4.5","14.02","$","17.0","9780385376716","Childrens-Books","dataset/Childrens-Books/0000019.jpg"
"https://res.cloudinary.com/dwejbxhu7/image/upload/v1775648364/books/Childrens-Books/0000020.jpg","Beautiful Oops!","Barney Saltzberg","Board book","4.5","11.87","$","13.95","9780761157281","Childrens-Books","dataset/Childrens-Books/0000020.jpg"
"https://res.cloudinary.com/dwejbxhu7/image/upload/v1775648365/books/Computing/0000001.jpg","Clean Code","Robert C. Martin","Paperback","4.5","26.56","$","44.93","9780132350884","Computing","dataset/Computing/0000001.jpg"
"https://res.cloudinary.com/dwejbxhu7/image/upload/v1775648366/books/Computing/0000002.jpg","The Legend of Zelda","Shigeru Miyamoto","Hardback","4.5","27.56","$","40.0","9781616550417","Computing","dataset/Computing/0000002.jpg"
"https://res.cloudinary.com/dwejbxhu7/image/upload/v1775648367/books/Computing/0000003.jpg","Don't Make Me Think, Revisited","Steve Krug","Paperback","4.0","23.03","$","42.9","9780321965516","Computing","dataset/Computing/0000003.jpg"
"https://res.cloudinary.com/dwejbxhu7/image/upload/v1775648368/books/Computing/0000004.jpg","Godel, Escher, Bach","Douglas R. Hofstadter","Paperback","4.5","16.37","$","18.99","9780465026562","Computing","dataset/Computing/0000004.jpg"
"https://res.cloudinary.com/dwejbxhu7/image/upload/v1775648369/books/Computing/0000005.jpg","Superintelligence","Nick Bostrom","Paperback","4.0","9.93","$","12.4","9780198739838","Computing","dataset/Computing/0000005.jpg"
"https://res.cloudinary.com/dwejbxhu7/image/upload/v1775648370/books/Computing/0000006.jpg","Web Design with HTML, CSS, JavaScript and jQuery Set","Jon Duckett","Paperback","4.5","29.93","$","49.6","9781118907443","Computing","dataset/Computing/0000006.jpg"
"https://res.cloudinary.com/dwejbxhu7/image/upload/v1775648372/books/Computing/0000007.jpg","Cracking the Coding Interview","Gayle Laakmann McDowell","Paperback","4.5","33.99","$","40.1","9780984782857","Computing","dataset/Computing/0000007.jpg"
"https://res.cloudinary.com/dwejbxhu7/image/upload/v1775648373/books/Computing/0000008.jpg","The Internet is a Playground","David Thorne","Paperback","4.0","15.09","$","","9781585428816","Computing","dataset/Computing/0000008.jpg"
"https://res.cloudinary.com/dwejbxhu7/image/upload/v1775648374/books/Computing/0000009.jpg","DanTDM: Trayaurus and the Enchanted Crystal","DanTDM","Hardback","4.5","14.93","$","18.0","9781409168393","Computing","dataset/Computing/0000009.jpg"
"https://res.cloudinary.com/dwejbxhu7/image/upload/v1775648376/books/Computing/0000010.jpg","Life 3.0","Max Tegmark","Paperback","4.0","10.0","$","12.4","9780141981802","Computing","dataset/Computing/0000010.jpg"
"https://res.cloudinary.com/dwejbxhu7/image/upload/v1775648377/books/Computing/0000011.jpg","Alan Turing: The Enigma","Andrew Hodges","Paperback","4.0","13.41","$","13.9","9781784700089","Computing","dataset/Computing/0000011.jpg"
"https://res.cloudinary.com/dwejbxhu7/image/upload/v1775648378/books/Computing/0000012.jpg","The Pragmatic Programmer","Andrew Hunt","Paperback","4.5","29.21","$","39.95","9780201616224","Computing","dataset/Computing/0000012.jpg"
"https://res.cloudinary.com/dwejbxhu7/image/upload/v1775648379/books/Computing/0000013.jpg","Weapons of Math Destruction","Cathy O'neil","Paperback","4.0","9.53","$","12.4","9780141985411","Computing","dataset/Computing/0000013.jpg"
"https://res.cloudinary.com/dwejbxhu7/image/upload/v1775648380/books/Computing/0000014.jpg","Digital Minimalism","Cal Newport","Paperback","4.0","14.58","$","17.0","9780241341131","Computing","dataset/Computing/0000014.jpg"
"https://res.cloudinary.com/dwejbxhu7/image/upload/v1775648381/books/Computing/0000015.jpg","HTML and CSS","Jon Duckett","Paperback","4.5","22.68","$","25.7","9781118008188","Computing","dataset/Computing/0000015.jpg"
"https://res.cloudinary.com/dwejbxhu7/image/upload/v1775648382/books/Computing/0000016.jpg","Clean Architecture","Robert C. Martin","Paperback","4.0","23.53","$","34.5","9780134494166","Computing","dataset/Computing/0000016.jpg"
"https://res.cloudinary.com/dwejbxhu7/image/upload/v1775648384/books/Computing/0000017.jpg","Design Patterns","Erich Gamma","Hardback","4.0","39.16","$","57.95","9780201633610","Computing","dataset/Computing/0000017.jpg"
"https://res.cloudinary.com/dwejbxhu7/image/upload/v1775648385/books/Computing/0000018.jpg","The Clean Coder","Robert C. Martin","Paperback","4.5","23.02","$","42.9","9780137081073","Computing","dataset/Computing/0000018.jpg"
"https://res.cloudinary.com/dwejbxhu7/image/upload/v1775648386/books/Computing/0000019.jpg","World Of Warcraft: Chronicle Volume 1","Blizzard","Hardback","4.5","25.77","$","40.1","9781616558451","Computing","dataset/Computing/0000019.jpg"
"https://res.cloudinary.com/dwejbxhu7/image/upload/v1775648387/books/Computing/0000020.jpg","Hands-On Machine Learning with Scikit-Learn and TensorFlow","Aurelien Geron","Paperback","4.5","30.53","$","54.0","9781491962299","Computing","dataset/Computing/0000020.jpg"
"https://res.cloudinary.com/dwejbxhu7/image/upload/v1775648388/books/Crafts-Hobbies/0000001.jpg","Enchanted Forest","Johanna Basford","Paperback","4.5","12.23","$","12.4","9781780674872","Crafts-Hobbies","dataset/Crafts-Hobbies/0000001.jpg"
"https://res.cloudinary.com/dwejbxhu7/image/upload/v1775648389/books/Crafts-Hobbies/0000002.jpg","Harry Potter Colouring Book","J. K. Rowling","Paperback","4.5","9.52","$","12.4","9781783705481","Crafts-Hobbies","dataset/Crafts-Hobbies/0000002.jpg"
"https://res.cloudinary.com/dwejbxhu7/image/upload/v1775648390/books/Crafts-Hobbies/0000003.jpg","Dungeons & Dragons Player's Handbook (Dungeons & Dragons Core Rulebooks)","Wizards of the Coast","Hardback","4.5","31.94","$","48.4","9780786965601","Crafts-Hobbies","dataset/Crafts-Hobbies/0000003.jpg"
"https://res.cloudinary.com/dwejbxhu7/image/upload/v1775648391/books/Crafts-Hobbies/0000004.jpg","The Mindfulness Colouring Book","Emma Farrarons","Paperback","4.0","6.8","$","10.5","9780752265629","Crafts-Hobbies","dataset/Crafts-Hobbies/0000004.jpg"
"https://res.cloudinary.com/dwejbxhu7/image/upload/v1775648392/books/Crafts-Hobbies/0000005.jpg","One Line a Day","Chronicle Books","Calendar","4.5","9.65","$","13.5","9780811870191","Crafts-Hobbies","dataset/Crafts-Hobbies/0000005.jpg"
"https://res.cloudinary.com/dwejbxhu7/image/upload/v1775648394/books/Crafts-Hobbies/0000006.jpg","Millie Marotta's Animal Kingdom","Millie Marotta","Paperback","4.5","11.6","$","12.9","9781849941679","Crafts-Hobbies","dataset/Crafts-Hobbies/0000006.jpg"
"https://res.cloudinary.com/dwejbxhu7/image/upload/v1775648395/books/Crafts-Hobbies/0000007.jpg","Dungeon Master's Guide (Dungeons & Dragons Core Rulebooks)","Wizards of the Coast","Hardback","4.5","32.9","$","48.4","9780786965625","Crafts-Hobbies","dataset/Crafts-Hobbies/0000007.jpg"
"https://res.cloudinary.com/dwejbxhu7/image/upload/v1775648396/books/Crafts-Hobbies/0000008.jpg","52 Things to Do While You Poo","Hugh Jassburn","Hardback","3.5","7.93","$","8.8","9781849534970","Crafts-Hobbies","dataset/Crafts-Hobbies/0000008.jpg"
"https://res.cloudinary.com/dwejbxhu7/image/upload/v1775648397/books/Crafts-Hobbies/0000009.jpg","Monster Manual: A Dungeons & Dragons Core Rulebook","Wizards of the Coast","Hardback","4.5","32.44","$","48.4","9780786965618","Crafts-Hobbies","dataset/Crafts-Hobbies/0000009.jpg"
"https://res.cloudinary.com/dwejbxhu7/image/upload/v1775648398/books/Crafts-Hobbies/0000010.jpg","How to Draw Anything","Mark Linley","Paperback","3.5","5.26","$","10.3","9780716022237","Crafts-Hobbies","dataset/Crafts-Hobbies/0000010.jpg"
"https://res.cloudinary.com/dwejbxhu7/image/upload/v1775648400/books/Crafts-Hobbies/0000011.jpg","Star Wars Origami","Chris Alexander","Paperback","4.0","13.07","$","14.95","9780761169437","Crafts-Hobbies","dataset/Crafts-Hobbies/0000011.jpg"
"https://res.cloudinary.com/dwejbxhu7/image/upload/v1775648401/books/Crafts-Hobbies/0000012.jpg","200 Crochet Blocks for Blankets, Throws and Afghans","Jan Eaton","Paperback","4.0","13.12","$","16.0","9780715321416","Crafts-Hobbies","dataset/Crafts-Hobbies/0000012.jpg"
"https://res.cloudinary.com/dwejbxhu7/image/upload/v1775648402/books/Crafts-Hobbies/0000013.jpg","100 Flowers to Knit & Crochet","Lesley Stanfield","Paperback","4.0","12.65","$","13.9","9781844484034","Crafts-Hobbies","dataset/Crafts-Hobbies/0000013.jpg"
"https://res.cloudinary.com/dwejbxhu7/image/upload/v1775648403/books/Crafts-Hobbies/0000014.jpg","Animorphia","Kerby Rosanes","Paperback","4.5","10.28","$","12.9","9781910552070","Crafts-Hobbies","dataset/Crafts-Hobbies/0000014.jpg"
"https://res.cloudinary.com/dwejbxhu7/image/upload/v1775648405/books/Crafts-Hobbies/0000015.jpg","Millie Marotta's Tropical Wonderland","Millie Marotta","Paperback","4.5","11.6","$","12.9","9781849942850","Crafts-Hobbies","dataset/Crafts-Hobbies/0000015.jpg"
"https://res.cloudinary.com/dwejbxhu7/image/upload/v1775648407/books/Crafts-Hobbies/0000016.jpg","Lost Ocean","Johanna Basford","Paperback","4.5","12.39","$","","9780753557150","Crafts-Hobbies","dataset/Crafts-Hobbies/0000016.jpg"
"https://res.cloudinary.com/dwejbxhu7/image/upload/v1775648408/books/Crafts-Hobbies/0000017.jpg","Release Your Anger: Midnight Edition: An Adult Coloring Book with 40 Swear Words to Color and Relax","James Alexander","Paperback","4.5","9.45","$","11.4","9780753545669","Crafts-Hobbies","dataset/Crafts-Hobbies/0000017.jpg"
"https://res.cloudinary.com/dwejbxhu7/image/upload/v1775648410/books/Crafts-Hobbies/0000018.jpg","How To Be Parisian","Anne Berest","Hardback","3.5","18.49","$","21.5","9780091958091","Crafts-Hobbies","dataset/Crafts-Hobbies/0000018.jpg"
"https://res.cloudinary.com/dwejbxhu7/image/upload/v1775648412/books/Crafts-Hobbies/0000019.jpg","Colour and Light","James Gurney","Paperback","4.0","17.69","$","21.1","9780740797712","Crafts-Hobbies","dataset/Crafts-Hobbies/0000019.jpg"
"https://res.cloudinary.com/dwejbxhu7/image/upload/v1775648413/books/Crafts-Hobbies/0000020.jpg","It","Alexa Chung","Hardback","3.5","19.72","$","25.2","9781846147548","Crafts-Hobbies","dataset/Crafts-Hobbies/0000020.jpg"
"https://res.cloudinary.com/dwejbxhu7/image/upload/v1775648414/books/Crime-Thriller/0000001.jpg","1984","George Orwell","Paperback","4.0","7.88","$","8.8","9780141036144","Crime-Thriller","dataset/Crime-Thriller/0000001.jpg"
"https://res.cloudinary.com/dwejbxhu7/image/upload/v1775648416/books/Crime-Thriller/0000002.jpg","Man's Search For Meaning","Viktor E. Frankl","Paperback","4.5","9.66","$","","9781846041242","Crime-Thriller","dataset/Crime-Thriller/0000002.jpg"
"https://res.cloudinary.com/dwejbxhu7/image/upload/v1775648417/books/Crime-Thriller/0000003.jpg","Animal Farm","George Orwell","Paperback","4.0","7.98","$","10.3","9780141036137","Crime-Thriller","dataset/Crime-Thriller/0000003.jpg"
"https://res.cloudinary.com/dwejbxhu7/image/upload/v1775648418/books/Crime-Thriller/0000004.jpg","The Husband's Secret","Liane Moriarty","Paperback","4.0","9.33","$","9.99","9781405911665","Crime-Thriller","dataset/Crime-Thriller/0000004.jpg"
"https://res.cloudinary.com/dwejbxhu7/image/upload/v1775648420/books/Crime-Thriller/0000005.jpg","Gone Girl","Gillian Flynn","Paperback","4.0","9.55","$","10.5","9781780221359","Crime-Thriller","dataset/Crime-Thriller/0000005.jpg"
"https://res.cloudinary.com/dwejbxhu7/image/upload/v1775648421/books/Crime-Thriller/0000006.jpg","Ready Player One","Ernest Cline","Paperback","4.5","8.82","$","10.5","9780099560432","Crime-Thriller","dataset/Crime-Thriller/0000006.jpg"
"https://res.cloudinary.com/dwejbxhu7/image/upload/v1775648422/books/Crime-Thriller/0000007.jpg","The Dry","Jane Harper","Paperback","4.0","8.64","$","8.8","9780349142111","Crime-Thriller","dataset/Crime-Thriller/0000007.jpg"
"https://res.cloudinary.com/dwejbxhu7/image/upload/v1775648423/books/Crime-Thriller/0000008.jpg","Sister","Rosamund Lupton","Paperback","4.0","8.04","$","11.4","9780749942014","Crime-Thriller","dataset/Crime-Thriller/0000008.jpg"
"https://res.cloudinary.com/dwejbxhu7/image/upload/v1775648424/books/Crime-Thriller/0000009.jpg","To Kill a Mockingbird","Harper Lee","Paperback","4.5","8.54","$","","9780446310789","Crime-Thriller","dataset/Crime-Thriller/0000009.jpg"
"https://res.cloudinary.com/dwejbxhu7/image/upload/v1775648426/books/Crime-Thriller/0000010.jpg","Room","Emma Donoghue","Paperback","4.0","8.05","$","13.39","9780330519021","Crime-Thriller","dataset/Crime-Thriller/0000010.jpg"
"https://res.cloudinary.com/dwejbxhu7/image/upload/v1775648427/books/Crime-Thriller/0000011.jpg","Shantaram","Gregory David Roberts","Paperback","4.5","11.72","$","13.9","9780349117546","Crime-Thriller","dataset/Crime-Thriller/0000011.jpg"
"https://res.cloudinary.com/dwejbxhu7/image/upload/v1775648428/books/Crime-Thriller/0000012.jpg","Big Little Lies","Liane Moriarty","Paperback","4.5","9.55","$","9.8","9781405916363","Crime-Thriller","dataset/Crime-Thriller/0000012.jpg"
"https://res.cloudinary.com/dwejbxhu7/image/upload/v1775648429/books/Crime-Thriller/0000013.jpg","The Hate U Give","Angie Thomas","Paperback","4.5","8.0","$","10.5","9781406372151","Crime-Thriller","dataset/Crime-Thriller/0000013.jpg"
"https://res.cloudinary.com/dwejbxhu7/image/upload/v1775648431/books/Crime-Thriller/0000014.jpg","The Girl on the Train","Paula Hawkins","Paperback","4.0","9.65","$","11.4","9780552779777","Crime-Thriller","dataset/Crime-Thriller/0000014.jpg"
"https://res.cloudinary.com/dwejbxhu7/image/upload/v1775648432/books/Crime-Thriller/0000015.jpg","Bad Blood","John Carreyrou","Paperback","4.5","8.4","$","12.4","9781509868087","Crime-Thriller","dataset/Crime-Thriller/0000015.jpg"
"https://res.cloudinary.com/dwejbxhu7/image/upload/v1775648434/books/Crime-Thriller/0000016.jpg","Six of Crows: Collector's Edition","Leigh Bardugo","Hardback","4.5","14.51","$","18.0","9781510106284","Crime-Thriller","dataset/Crime-Thriller/0000016.jpg"
"https://res.cloudinary.com/dwejbxhu7/image/upload/v1775648435/books/Crime-Thriller/0000017.jpg","Gone Girl","Gillian Flynn","Paperback","4.0","9.18","$","11.4","9780753827666","Crime-Thriller","dataset/Crime-Thriller/0000017.jpg"
"https://res.cloudinary.com/dwejbxhu7/image/upload/v1775648436/books/Crime-Thriller/0000018.jpg","Sharp Objects","Gillian Flynn","Paperback","4.0","8.25","$","9.3","9780804138321","Crime-Thriller","dataset/Crime-Thriller/0000018.jpg"
"https://res.cloudinary.com/dwejbxhu7/image/upload/v1775648437/books/Crime-Thriller/0000019.jpg","The Curious Incident of the Dog in the Night-time","Mark Haddon","Paperback","4.0","8.7","$","9.5","9780099470434","Crime-Thriller","dataset/Crime-Thriller/0000019.jpg"
"https://res.cloudinary.com/dwejbxhu7/image/upload/v1775648439/books/Crime-Thriller/0000020.jpg","Friend Request","Laura Marshall","Paperback","4.0","5.23","$","11.4","9780751568356","Crime-Thriller","dataset/Crime-Thriller/0000020.jpg"
"https://res.cloudinary.com/dwejbxhu7/image/upload/v1775648440/books/Dictionaries-Languages/0000001.jpg","Bad Blood","John Carreyrou","Paperback","4.5","8.4","$","12.4","9781509868087","Dictionaries-Languages","dataset/Dictionaries-Languages/0000001.jpg"
"https://res.cloudinary.com/dwejbxhu7/image/upload/v1775648441/books/Dictionaries-Languages/0000002.jpg","The Elements of Style","William I. Strunk","Paperback","4.0","8.09","$","9.95","9780205309023","Dictionaries-Languages","dataset/Dictionaries-Languages/0000002.jpg"
"https://res.cloudinary.com/dwejbxhu7/image/upload/v1775648443/books/Dictionaries-Languages/0000003.jpg","Create This Book","Moriah Elizabeth","Paperback","4.5","17.05","$","","9780692452745","Dictionaries-Languages","dataset/Dictionaries-Languages/0000003.jpg"
"https://res.cloudinary.com/dwejbxhu7/image/upload/v1775648444/books/Dictionaries-Languages/0000004.jpg","Fear and Loathing in Las Vegas","Hunter S. Thompson","Paperback","4.0","8.3","$","11.49","9780007204496","Dictionaries-Languages","dataset/Dictionaries-Languages/0000004.jpg"
"https://res.cloudinary.com/dwejbxhu7/image/upload/v1775648446/books/Dictionaries-Languages/0000005.jpg","Publication Manual of the American Psychological Association","American Psychological Association","Paperback","3.5","30.49","$","","9781433805615","Dictionaries-Languages","dataset/Dictionaries-Languages/0000005.jpg"
"https://res.cloudinary.com/dwejbxhu7/image/upload/v1775648447/books/Dictionaries-Languages/0000006.jpg","The Etymologicon","Mark Forsyth","Paperback","4.0","5.71","$","11.4","9781785781704","Dictionaries-Languages","dataset/Dictionaries-Languages/0000006.jpg"
"https://res.cloudinary.com/dwejbxhu7/image/upload/v1775648449/books/Dictionaries-Languages/0000007.jpg","The Artist's Way","Julia Cameron","Paperback","4.0","12.61","$","21.1","9781509829477","Dictionaries-Languages","dataset/Dictionaries-Languages/0000007.jpg"
"https://res.cloudinary.com/dwejbxhu7/image/upload/v1775648450/books/Dictionaries-Languages/0000008.jpg","The Elements of Eloquence","Mark Forsyth","Paperback","4.5","4.91","$","11.4","9781785781728","Dictionaries-Languages","dataset/Dictionaries-Languages/0000008.jpg"
"https://res.cloudinary.com/dwejbxhu7/image/upload/v1775648451/books/Dictionaries-Languages/0000009.jpg","My Grammar and I (Or Should That Be 'Me'?)","Caroline Taggart","Paperback","4.0","3.95","$","8.8","9781843176572","Dictionaries-Languages","dataset/Dictionaries-Languages/0000009.jpg"
"https://res.cloudinary.com/dwejbxhu7/image/upload/v1775648452/books/Dictionaries-Languages/0000010.jpg","Bird By Bird","Anne Lamott","Paperback","4.0","12.23","$","15.05","9780385480017","Dictionaries-Languages","dataset/Dictionaries-Languages/0000010.jpg"
"https://res.cloudinary.com/dwejbxhu7/image/upload/v1775648454/books/Dictionaries-Languages/0000011.jpg","Eats, Shoots and Leaves","Lynne Truss","Paperback","4.0","8.58","$","11.4","9780007329069","Dictionaries-Languages","dataset/Dictionaries-Languages/0000011.jpg"
"https://res.cloudinary.com/dwejbxhu7/image/upload/v1775648455/books/Dictionaries-Languages/0000012.jpg","On Writing Well","William Zinsser","Paperback","4.5","13.02","$","16.95","9780060891541","Dictionaries-Languages","dataset/Dictionaries-Languages/0000012.jpg"
"https://res.cloudinary.com/dwejbxhu7/image/upload/v1775648456/books/Dictionaries-Languages/0000013.jpg","How to Read a Book","Charles Van Doren","Paperback","4.0","9.49","$","17.95","9780671212094","Dictionaries-Languages","dataset/Dictionaries-Languages/0000013.jpg"
"https://res.cloudinary.com/dwejbxhu7/image/upload/v1775648457/books/Dictionaries-Languages/0000014.jpg","Paperback Oxford English Dictionary","Oxford Dictionaries","Paperback","4.0","10.22","$","10.33","9780199640942","Dictionaries-Languages","dataset/Dictionaries-Languages/0000014.jpg"
"https://res.cloudinary.com/dwejbxhu7/image/upload/v1775648458/books/Dictionaries-Languages/0000015.jpg","Save the Cat!","Blake Snyder","Paperback","4.0","12.65","$","17.0","9781932907001","Dictionaries-Languages","dataset/Dictionaries-Languages/0000015.jpg"
"https://res.cloudinary.com/dwejbxhu7/image/upload/v1775648460/books/Dictionaries-Languages/0000016.jpg","The Reading Strategies Book","Jennifer Serravallo","Paperback","4.5","43.95","$","","9780325074337","Dictionaries-Languages","dataset/Dictionaries-Languages/0000016.jpg"
"https://res.cloudinary.com/dwejbxhu7/image/upload/v1775648461/books/Dictionaries-Languages/0000017.jpg","The Anatomy of Story","John Truby","Paperback","4.5","14.94","$","17.0","9780865479937","Dictionaries-Languages","dataset/Dictionaries-Languages/0000017.jpg"
"https://res.cloudinary.com/dwejbxhu7/image/upload/v1775648462/books/Dictionaries-Languages/0000018.jpg","Japanese from Zero!: 1","George Trombley","Paperback","4.5","25.86","$","33.4","9780976998129","Dictionaries-Languages","dataset/Dictionaries-Languages/0000018.jpg"
"https://res.cloudinary.com/dwejbxhu7/image/upload/v1775648464/books/Dictionaries-Languages/0000019.jpg","The Big Short","Michael Lewis","Paperback","4.5","10.6","$","11.4","9780393338829","Dictionaries-Languages","dataset/Dictionaries-Languages/0000019.jpg"
"https://res.cloudinary.com/dwejbxhu7/image/upload/v1775648465/books/Dictionaries-Languages/0000020.jpg","Invisible Women","Caroline Criado Perez","Hardback","4.5","18.75","$","21.1","9781784741723","Dictionaries-Languages","dataset/Dictionaries-Languages/0000020.jpg"
"https://res.cloudinary.com/dwejbxhu7/image/upload/v1775648466/books/Entertainment/0000001.jpg","Fantastic Beasts and Where to Find Them","J. K. Rowling","Hardback","4.5","11.05","$","21.5","9781408708989","Entertainment","dataset/Entertainment/0000001.jpg"
"https://res.cloudinary.com/dwejbxhu7/image/upload/v1775648467/books/Entertainment/0000002.jpg","Fantastic Beasts: The Crimes of Grindelwald - The Original Screenplay","J.K. Rowling","Hardback","4.0","15.14","$","18.0","9781408711705","Entertainment","dataset/Entertainment/0000002.jpg"
"https://res.cloudinary.com/dwejbxhu7/image/upload/v1775648469/books/Entertainment/0000003.jpg","Just Kids","Patti Smith","Paperback","4.0","9.43","$","12.4","9780747568766","Entertainment","dataset/Entertainment/0000003.jpg"
"https://res.cloudinary.com/dwejbxhu7/image/upload/v1775648470/books/Entertainment/0000004.jpg","Born to Run","Bruce Springsteen","Hardback","4.0","27.12","$","","9781471157790","Entertainment","dataset/Entertainment/0000004.jpg"
"https://res.cloudinary.com/dwejbxhu7/image/upload/v1775648472/books/Entertainment/0000005.jpg","Music Theory in Practice, Grade 1","Eric Taylor","Sheet music","4.0","7.26","$","","9781860969423","Entertainment","dataset/Entertainment/0000005.jpg"
"https://res.cloudinary.com/dwejbxhu7/image/upload/v1775648473/books/Entertainment/0000006.jpg","Scar Tissue","Anthony Kiedis","Paperback","4.0","10.66","$","13.9","9780751535662","Entertainment","dataset/Entertainment/0000006.jpg"
"https://res.cloudinary.com/dwejbxhu7/image/upload/v1775648474/books/Entertainment/0000007.jpg","John Thompson's Easiest Piano Course","John Thompson","Paperback","4.0","6.71","$","8.0","9780877180128","Entertainment","dataset/Entertainment/0000007.jpg"
"https://res.cloudinary.com/dwejbxhu7/image/upload/v1775648475/books/Entertainment/0000008.jpg","Fantastic Beasts and Where to Find Them","J. K. Rowling","Paperback","4.5","7.10","$","10.5","9780751574951","Entertainment","dataset/Entertainment/0000008.jpg"
"https://res.cloudinary.com/dwejbxhu7/image/upload/v1775648476/books/Entertainment/0000009.jpg","My Booky Wook","Russell Brand","Paperback","3.5","9.34","$","13.9","9780340936177","Entertainment","dataset/Entertainment/0000009.jpg"
"https://res.cloudinary.com/dwejbxhu7/image/upload/v1775648477/books/Entertainment/0000010.jpg","Moab Is My Washpot","Stephen Fry","Paperback","4.0","5.99","$","12.9","9780099457046","Entertainment","dataset/Entertainment/0000010.jpg"
"https://res.cloudinary.com/dwejbxhu7/image/upload/v1775648478/books/Entertainment/0000011.jpg","Darth Vader and Son","Jeffrey Brown","Hardback","4.0","9.61","$","12.9","9781452106557","Entertainment","dataset/Entertainment/0000011.jpg"
"https://res.cloudinary.com/dwejbxhu7/image/upload/v1775648480/books/Entertainment/0000012.jpg","Music Theory in Practice, Grade 2","Eric Taylor","Sheet music","4.5","6.99","$","7.0","9781860969430","Entertainment","dataset/Entertainment/0000012.jpg"
"https://res.cloudinary.com/dwejbxhu7/image/upload/v1775648481/books/Entertainment/0000013.jpg","Harry Potter: Collectible Quidditch Set","Running Press","Paperback","5.0","18.32","$","22.99","9780762459452","Entertainment","dataset/Entertainment/0000013.jpg"
"https://res.cloudinary.com/dwejbxhu7/image/upload/v1775648482/books/Entertainment/0000014.jpg","Music Theory in Practice, Grade 3","Eric Taylor","Sheet music","4.0","7.57","$","7.8","9781860969447","Entertainment","dataset/Entertainment/0000014.jpg"
"https://res.cloudinary.com/dwejbxhu7/image/upload/v1775648484/books/Entertainment/0000015.jpg","Music Theory in Practice, Grade 5","Eric Taylor","Sheet music","4.5","8.80","$","","9781860969461","Entertainment","dataset/Entertainment/0000015.jpg"
"https://res.cloudinary.com/dwejbxhu7/image/upload/v1775648485/books/Entertainment/0000016.jpg","Piano Adventures","Nancy Faber","Paperback","4.0","7.43","$","9.0","9781616770785","Entertainment","dataset/Entertainment/0000016.jpg"
"https://res.cloudinary.com/dwejbxhu7/image/upload/v1775648486/books/Entertainment/0000017.jpg","The Happiest Refugee","Anh Do","Paperback","4.0","20.87","$","","9781742372389","Entertainment","dataset/Entertainment/0000017.jpg"
"https://res.cloudinary.com/dwejbxhu7/image/upload/v1775648489/books/Entertainment/0000018.jpg","Life","Keith Richards","Paperback","4.0","11.18","$","13.9","9780753826614","Entertainment","dataset/Entertainment/0000018.jpg"
"https://res.cloudinary.com/dwejbxhu7/image/upload/v1775648490/books/Entertainment/0000019.jpg","Daisy Jones and The Six","TAYLOR JENKINS REID","Hardback","4.0","14.67","$","16.0","9781786331502","Entertainment","dataset/Entertainment/0000019.jpg"
"https://res.cloudinary.com/dwejbxhu7/image/upload/v1775648492/books/Entertainment/0000020.jpg","Me Talk Pretty One Day","David Sedaris","Paperback","4.0","7.38","$","11.4","9780349113913","Entertainment","dataset/Entertainment/0000020.jpg"
"https://res.cloudinary.com/dwejbxhu7/image/upload/v1775648493/books/Food-Drink/0000001.jpg","Ottolenghi SIMPLE","Yotam Ottolenghi","Hardback","4.5","28.6","$","31.5","9781785031168","Food-Drink","dataset/Food-Drink/0000001.jpg"
"https://res.cloudinary.com/dwejbxhu7/image/upload/v1775648494/books/Food-Drink/0000002.jpg","5 Ingredients - Quick & Easy Food","Jamie Oliver","Hardback","4.0","25.92","$","32.5","9780718187729","Food-Drink","dataset/Food-Drink/0000002.jpg"
"https://res.cloudinary.com/dwejbxhu7/image/upload/v1775648496/books/Food-Drink/0000003.jpg","Jamie's 30-Minute Meals","Jamie Oliver","Hardback","4.0","27.39","$","31.5","9780718154776","Food-Drink","dataset/Food-Drink/0000003.jpg"
"https://res.cloudinary.com/dwejbxhu7/image/upload/v1775648497/books/Food-Drink/0000004.jpg","Jamie's 15-Minute Meals","Jamie Oliver","Hardback","4.0","27.3","$","31.5","9780718157807","Food-Drink","dataset/Food-Drink/0000004.jpg"
"https://res.cloudinary.com/dwejbxhu7/image/upload/v1775648498/books/Food-Drink/0000005.jpg","The Little Book of Hygge","Meik Wiking","Hardback","3.5","11.61","$","11.99","9780241283912","Food-Drink","dataset/Food-Drink/0000005.jpg"
"https://res.cloudinary.com/dwejbxhu7/image/upload/v1775648499/books/Food-Drink/0000006.jpg","Plenty","Yotam Ottolenghi","Hardback","4.5","30.27","$","33.11","9780091933685","Food-Drink","dataset/Food-Drink/0000006.jpg"
"https://res.cloudinary.com/dwejbxhu7/image/upload/v1775648500/books/Food-Drink/0000007.jpg","Annabel Karmel's New Complete Baby & Toddler Meal Planner - 4th Edition","Annabel Karmel","Hardback","4.0","17.11","$","19.1","9780091924850","Food-Drink","dataset/Food-Drink/0000007.jpg"
"https://res.cloudinary.com/dwejbxhu7/image/upload/v1775648501/books/Food-Drink/0000008.jpg","Jerusalem","Yotam Ottolenghi","Hardback","4.5","30.63","$","32.5","9780091943745","Food-Drink","dataset/Food-Drink/0000008.jpg"
"https://res.cloudinary.com/dwejbxhu7/image/upload/v1775648503/books/Food-Drink/0000009.jpg","Plenty More","Yotam Ottolenghi","Hardback","4.5","30.7","$","32.99","9780091957155","Food-Drink","dataset/Food-Drink/0000009.jpg"
"https://res.cloudinary.com/dwejbxhu7/image/upload/v1775648504/books/Food-Drink/0000010.jpg","Veg","Jamie Oliver","Hardback","4.0","27.36","$","32.5","9780718187767","Food-Drink","dataset/Food-Drink/0000010.jpg"
"https://res.cloudinary.com/dwejbxhu7/image/upload/v1775648506/books/Food-Drink/0000011.jpg","Lean in 15 - The Shift Plan","Joe Wicks","Paperback","4.0","16.44","$","21.1","9781509800667","Food-Drink","dataset/Food-Drink/0000011.jpg"
"https://res.cloudinary.com/dwejbxhu7/image/upload/v1775648507/books/Food-Drink/0000012.jpg","Medical Medium Life-Changing Foods","Anthony William","Hardback","4.5","20.3","$","27.5","9781401948320","Food-Drink","dataset/Food-Drink/0000012.jpg"
"https://res.cloudinary.com/dwejbxhu7/image/upload/v1775648508/books/Food-Drink/0000013.jpg","Thug Kitchen","Thug Kitchen","Hardback","4.0","17.98","$","23.0","9780751555516","Food-Drink","dataset/Food-Drink/0000013.jpg"
"https://res.cloudinary.com/dwejbxhu7/image/upload/v1775648509/books/Food-Drink/0000014.jpg","Pinch of Nom","Kay Featherstone","Hardback","4.5","19.54","$","25.2","9781529014068","Food-Drink","dataset/Food-Drink/0000014.jpg"
"https://res.cloudinary.com/dwejbxhu7/image/upload/v1775648510/books/Food-Drink/0000015.jpg","Nourishing Traditions","Sally Fallon","Paperback","4.0","20.59","$","26.99","9780967089737","Food-Drink","dataset/Food-Drink/0000015.jpg"
"https://res.cloudinary.com/dwejbxhu7/image/upload/v1775648512/books/Food-Drink/0000016.jpg","Ottolenghi: The Cookbook","Yotam Ottolenghi","Hardback","4.5","29.7","$","31.99","9780091922344","Food-Drink","dataset/Food-Drink/0000016.jpg"
"https://res.cloudinary.com/dwejbxhu7/image/upload/v1775648513/books/Food-Drink/0000017.jpg","Jamie Cooks Italy","Jamie Oliver","Hardback","4.0","24.88","$","32.5","9780718187736","Food-Drink","dataset/Food-Drink/0000017.jpg"
"https://res.cloudinary.com/dwejbxhu7/image/upload/v1775648514/books/Food-Drink/0000018.jpg","The Noma Guide to Fermentation (Foundations of Flavor)","René Redzepi","Hardback","4.5","25.75","$","35.95","9781579657185","Food-Drink","dataset/Food-Drink/0000018.jpg"
"https://res.cloudinary.com/dwejbxhu7/image/upload/v1775648516/books/Food-Drink/0000019.jpg","I Quit Sugar","Sarah Wilson","Paperback","3.5","16.44","$","21.1","9781447264286","Food-Drink","dataset/Food-Drink/0000019.jpg"
"https://res.cloudinary.com/dwejbxhu7/image/upload/v1775648517/books/Food-Drink/0000020.jpg","Everyday Super Food","Jamie Oliver","Hardback","4.0","27.63","$","32.5","9780718181239","Food-Drink","dataset/Food-Drink/0000020.jpg"
"https://res.cloudinary.com/dwejbxhu7/image/upload/v1775648518/books/Graphic-Novels-Anime-Manga/0000001.jpg","Peppa Pig: Little Library","Peppa Pig","Board book","4.0","7.22","$","","9781409303183","Graphic-Novels-Anime-Manga","dataset/Graphic-Novels-Anime-Manga/0000001.jpg"
"https://res.cloudinary.com/dwejbxhu7/image/upload/v1775648519/books/Graphic-Novels-Anime-Manga/0000002.jpg","I Want My Hat Back","Jon Klassen","Paperback","4.5","7.03","$","9.5","9781406338539","Graphic-Novels-Anime-Manga","dataset/Graphic-Novels-Anime-Manga/0000002.jpg"
"https://res.cloudinary.com/dwejbxhu7/image/upload/v1775648521/books/Graphic-Novels-Anime-Manga/0000003.jpg","The Gruffalo","Julia Donaldson","Paperback","4.5","6.91","$","7.95","9780142403877","Graphic-Novels-Anime-Manga","dataset/Graphic-Novels-Anime-Manga/0000003.jpg"
"https://res.cloudinary.com/dwejbxhu7/image/upload/v1775648522/books/Graphic-Novels-Anime-Manga/0000004.jpg","Aristotle and Dante Discover the Secrets of the Universe","Benjamin Alire Saenz","Paperback","4.5","7.72","$","15.0","9781442408937","Graphic-Novels-Anime-Manga","dataset/Graphic-Novels-Anime-Manga/0000004.jpg"
"https://res.cloudinary.com/dwejbxhu7/image/upload/v1775648523/books/Graphic-Novels-Anime-Manga/0000005.jpg","Look Inside Things That Go","Rob Lloyd Jones","Hardback","4.5","9.92","$","12.9","9781409550259","Graphic-Novels-Anime-Manga","dataset/Graphic-Novels-Anime-Manga/0000005.jpg"
"https://res.cloudinary.com/dwejbxhu7/image/upload/v1775648526/books/Graphic-Novels-Anime-Manga/0000006.jpg","Rainbow Fish","Marcus Pfister","Paperback","4.0","7.12","$","8.8","9783314015441","Graphic-Novels-Anime-Manga","dataset/Graphic-Novels-Anime-Manga/0000006.jpg"
"https://res.cloudinary.com/dwejbxhu7/image/upload/v1775648528/books/Graphic-Novels-Anime-Manga/0000007.jpg","In My Heart:A Book of Feelings","Jo Witek","Hardback","4.5","10.61","$","16.0","9781419713101","Graphic-Novels-Anime-Manga","dataset/Graphic-Novels-Anime-Manga/0000007.jpg"
"https://res.cloudinary.com/dwejbxhu7/image/upload/v1775648530/books/Graphic-Novels-Anime-Manga/0000008.jpg","The Complete MAUS","Art Spiegelman","Paperback","4.5","17.61","$","21.1","9780141014081","Graphic-Novels-Anime-Manga","dataset/Graphic-Novels-Anime-Manga/0000008.jpg"
"https://res.cloudinary.com/dwejbxhu7/image/upload/v1775648531/books/Graphic-Novels-Anime-Manga/0000009.jpg","Looking for Alaska","John Green","Paperback","4.0","11.2","$","","9780142402511","Graphic-Novels-Anime-Manga","dataset/Graphic-Novels-Anime-Manga/0000009.jpg"
"https://res.cloudinary.com/dwejbxhu7/image/upload/v1775648533/books/Graphic-Novels-Anime-Manga/0000010.jpg","Billionaire Boy","David Walliams","Paperback","4.0","7.64","$","9.5","9780007371082","Graphic-Novels-Anime-Manga","dataset/Graphic-Novels-Anime-Manga/0000010.jpg"
"https://res.cloudinary.com/dwejbxhu7/image/upload/v1775648534/books/Graphic-Novels-Anime-Manga/0000011.jpg","Mr Stink","David Walliams","Paperback","4.0","7.52","$","8.8","9780007279067","Graphic-Novels-Anime-Manga","dataset/Graphic-Novels-Anime-Manga/0000011.jpg"
"https://res.cloudinary.com/dwejbxhu7/image/upload/v1775648535/books/Graphic-Novels-Anime-Manga/0000012.jpg","Harry Potter and the Prisoner of Azkaban","J. K. Rowling","Paperback","4.5","9.46","$","10.3","9781408855676","Graphic-Novels-Anime-Manga","dataset/Graphic-Novels-Anime-Manga/0000012.jpg"
"https://res.cloudinary.com/dwejbxhu7/image/upload/v1775648536/books/Graphic-Novels-Anime-Manga/0000013.jpg","Heartstopper Volume One","ALICE OSEMAN","Paperback","4.5","10.09","$","13.9","9781444951387","Graphic-Novels-Anime-Manga","dataset/Graphic-Novels-Anime-Manga/0000013.jpg"
"https://res.cloudinary.com/dwejbxhu7/image/upload/v1775648537/books/Graphic-Novels-Anime-Manga/0000014.jpg","Saga Volume 1","Brian K. Vaughan","Paperback","4.0","9.52","$","11.4","9781607066019","Graphic-Novels-Anime-Manga","dataset/Graphic-Novels-Anime-Manga/0000014.jpg"
"https://res.cloudinary.com/dwejbxhu7/image/upload/v1775648539/books/Graphic-Novels-Anime-Manga/0000015.jpg","The Story of Ferdinand","Munro Leaf","Paperback","4.5","5.04","$","","9780448456942","Graphic-Novels-Anime-Manga","dataset/Graphic-Novels-Anime-Manga/0000015.jpg"
"https://res.cloudinary.com/dwejbxhu7/image/upload/v1775648540/books/Graphic-Novels-Anime-Manga/0000016.jpg","The Hunger Games","Suzanne Collins","Paperback","4.5","7.28","$","10.3","9781407132082","Graphic-Novels-Anime-Manga","dataset/Graphic-Novels-Anime-Manga/0000016.jpg"
"https://res.cloudinary.com/dwejbxhu7/image/upload/v1775648541/books/Graphic-Novels-Anime-Manga/0000017.jpg","Harry Potter and the Philosopher's Stone - Hufflepuff Edition","J. K. Rowling","Hardback","4.5","14.5","$","18.0","9781408883808","Graphic-Novels-Anime-Manga","dataset/Graphic-Novels-Anime-Manga/0000017.jpg"
"https://res.cloudinary.com/dwejbxhu7/image/upload/v1775648542/books/Graphic-Novels-Anime-Manga/0000018.jpg","Harry Potter and the Goblet of Fire","J. K. Rowling","Paperback","4.5","10.75","$","11.0","9781408855683","Graphic-Novels-Anime-Manga","dataset/Graphic-Novels-Anime-Manga/0000018.jpg"
"https://res.cloudinary.com/dwejbxhu7/image/upload/v1775648545/books/Graphic-Novels-Anime-Manga/0000019.jpg","Heartstopper Volume Two","ALICE OSEMAN","Paperback","4.5","10.35","$","13.9","9781444951400","Graphic-Novels-Anime-Manga","dataset/Graphic-Novels-Anime-Manga/0000019.jpg"
"https://res.cloudinary.com/dwejbxhu7/image/upload/v1775648546/books/Graphic-Novels-Anime-Manga/0000020.jpg","Uzumaki (3-in-1, Deluxe Edition)","Junji Ito","Hardback","4.5","18.64","$","21.5","9781421561325","Graphic-Novels-Anime-Manga","dataset/Graphic-Novels-Anime-Manga/0000020.jpg"
"https://res.cloudinary.com/dwejbxhu7/image/upload/v1775648547/books/Health/0000001.jpg","The Power of Now","Eckhart Tolle","Paperback","4.0","8.2","$","13.9","9780340733509","Health","dataset/Health/0000001.jpg"
"https://res.cloudinary.com/dwejbxhu7/image/upload/v1775648548/books/Health/0000002.jpg","How to Win Friends and Influence People","Dale Carnegie","Paperback","4.0","8.3","$","9.5","9781439199190","Health","dataset/Health/0000002.jpg"
"https://res.cloudinary.com/dwejbxhu7/image/upload/v1775648549/books/Health/0000003.jpg","Educated","Tara Westover","Paperback","4.5","9.61","$","11.5","9780099511021","Health","dataset/Health/0000003.jpg"
"https://res.cloudinary.com/dwejbxhu7/image/upload/v1775648550/books/Health/0000004.jpg","When Breath Becomes Air","Paul Kalanithi","Paperback","4.5","9.05","$","11.5","9781784701994","Health","dataset/Health/0000004.jpg"
"https://res.cloudinary.com/dwejbxhu7/image/upload/v1775648551/books/Health/0000005.jpg","The Happiness Trap","Russ Harris","Paperback","4.0","8.34","$","13.9","9781845298258","Health","dataset/Health/0000005.jpg"
"https://res.cloudinary.com/dwejbxhu7/image/upload/v1775648553/books/Health/0000006.jpg","Lost Connections","Johann Hari","Paperback","4.5","8.53","$","11.5","9781408878729","Health","dataset/Health/0000006.jpg"
"https://res.cloudinary.com/dwejbxhu7/image/upload/v1775648554/books/Health/0000007.jpg","The Body Keeps the Score","Bessel van der Kolk","Paperback","4.5","10.99","$","13.9","9780141978611","Health","dataset/Health/0000007.jpg"
"https://res.cloudinary.com/dwejbxhu7/image/upload/v1775648555/books/Health/0000008.jpg","Jamie's 30-Minute Meals","Jamie Oliver","Hardback","4.0","27.39","$","31.5","9780718154776","Health","dataset/Health/0000008.jpg"
"https://res.cloudinary.com/dwejbxhu7/image/upload/v1775648556/books/Health/0000009.jpg","Why We Sleep","Matthew Walker","Paperback","4.5","9.93","$","12.4","9780141983769","Health","dataset/Health/0000009.jpg"
"https://res.cloudinary.com/dwejbxhu7/image/upload/v1775648557/books/Health/0000010.jpg","The Fast 800","Michael Mosley","Paperback","4.0","9.09","$","11.5","9781780723624","Health","dataset/Health/0000010.jpg"
"https://res.cloudinary.com/dwejbxhu7/image/upload/v1775648559/books/Health/0000011.jpg","The Whole-Brain Child","Daniel J Siegel","Paperback","4.0","12.71","$","21.1","9780553386691","Health","dataset/Health/0000011.jpg"
"https://res.cloudinary.com/dwejbxhu7/image/upload/v1775648561/books/Health/0000012.jpg","Jamie's 15-Minute Meals","Jamie Oliver","Hardback","4.0","27.3","$","31.5","9780718157807","Health","dataset/Health/0000012.jpg"
"https://res.cloudinary.com/dwejbxhu7/image/upload/v1775648562/books/Health/0000013.jpg","Five Love Languages Revised Edition","Gary Chapman","Paperback","4.0","11.61","$","15.0","9780802412706","Health","dataset/Health/0000013.jpg"
"https://res.cloudinary.com/dwejbxhu7/image/upload/v1775648563/books/Health/0000014.jpg","The Little Book of Mindfulness","Dr. Patrizia Collard","Paperback","4.0","5.88","$","8.8","9781856753531","Health","dataset/Health/0000014.jpg"
"https://res.cloudinary.com/dwejbxhu7/image/upload/v1775648564/books/Health/0000015.jpg","The 8-week Blood Sugar Diet","Michael Mosley","Paperback","4.0","8.85","$","11.3","9781780722405","Health","dataset/Health/0000015.jpg"
"https://res.cloudinary.com/dwejbxhu7/image/upload/v1775648566/books/Health/0000016.jpg","Rich Dad Poor Dad","Robert T. Kiyosaki","Paperback","4.0","7.34","$","","9781612680194","Health","dataset/Health/0000016.jpg"
"https://res.cloudinary.com/dwejbxhu7/image/upload/v1775648569/books/Health/0000017.jpg","The Clever Guts Diet","Michael Mosley","Paperback","4.0","8.92","$","11.3","9781780723044","Health","dataset/Health/0000017.jpg"
"https://res.cloudinary.com/dwejbxhu7/image/upload/v1775648572/books/Health/0000018.jpg","Little Fires Everywhere","Celeste Ng","Paperback","4.0","8.14","$","11.4","9780349142920","Health","dataset/Health/0000018.jpg"
"https://res.cloudinary.com/dwejbxhu7/image/upload/v1775648573/books/Health/0000019.jpg","A New Earth","Eckhart Tolle","Paperback","4.0","9.72","$","11.4","9780141039411","Health","dataset/Health/0000019.jpg"
"https://res.cloudinary.com/dwejbxhu7/image/upload/v1775648574/books/Health/0000020.jpg","Save Our Sleep","Tizzie Hall","Paperback","3.5","13.09","$","16.0","9780091929503","Health","dataset/Health/0000020.jpg"
"https://res.cloudinary.com/dwejbxhu7/image/upload/v1775648575/books/History-Archaeology/0000001.jpg","Sapiens","Yuval Noah Harari","Paperback","4.5","12.98","$","","9780099590088","History-Archaeology","dataset/History-Archaeology/0000001.jpg"
"https://res.cloudinary.com/dwejbxhu7/image/upload/v1775648576/books/History-Archaeology/0000002.jpg","Good Night Stories for Rebel Girls","Elena Favilli","Hardback","4.5","20.86","$","24.0","9780141986005","History-Archaeology","dataset/History-Archaeology/0000002.jpg"
"https://res.cloudinary.com/dwejbxhu7/image/upload/v1775648578/books/History-Archaeology/0000003.jpg","Becoming","Michelle Obama","Hardback","4.5","24.21","$","26.0","9780241334140","History-Archaeology","dataset/History-Archaeology/0000003.jpg"
"https://res.cloudinary.com/dwejbxhu7/image/upload/v1775648579/books/History-Archaeology/0000004.jpg","Start With Why","Simon Sinek","Paperback","4.0","8.9","$","12.4","9780241958223","History-Archaeology","dataset/History-Archaeology/0000004.jpg"
"https://res.cloudinary.com/dwejbxhu7/image/upload/v1775648580/books/History-Archaeology/0000005.jpg","Man's Search For Meaning","Viktor E. Frankl","Paperback","4.5","9.66","$","","9781846041242","History-Archaeology","dataset/History-Archaeology/0000005.jpg"
"https://res.cloudinary.com/dwejbxhu7/image/upload/v1775648582/books/History-Archaeology/0000006.jpg","Homo Deus","Yuval Noah Harari","Paperback","4.5","12.9","$","","9781784703936","History-Archaeology","dataset/History-Archaeology/0000006.jpg"
"https://res.cloudinary.com/dwejbxhu7/image/upload/v1775648583/books/History-Archaeology/0000007.jpg","21 Lessons for the 21st Century","Yuval Noah Harari","Paperback","4.0","19.07","$","19.1","9781787330870","History-Archaeology","dataset/History-Archaeology/0000007.jpg"
"https://res.cloudinary.com/dwejbxhu7/image/upload/v1775648584/books/History-Archaeology/0000008.jpg","Goodnight Stories for Rebel Girls 2","Elena Favilli","Hardback","4.5","21.15","$","30.9","9780997895827","History-Archaeology","dataset/History-Archaeology/0000008.jpg"
"https://res.cloudinary.com/dwejbxhu7/image/upload/v1775648585/books/History-Archaeology/0000009.jpg","The Choice","Edith Eger","Paperback","4.5","9.37","$","11.5","9781846045127","History-Archaeology","dataset/History-Archaeology/0000009.jpg"
"https://res.cloudinary.com/dwejbxhu7/image/upload/v1775648587/books/History-Archaeology/0000010.jpg","Man's Search For Meaning","Viktor E. Frankl","Paperback","4.5","7.85","$","9.5","9781844132393","History-Archaeology","dataset/History-Archaeology/0000010.jpg"
"https://res.cloudinary.com/dwejbxhu7/image/upload/v1775648588/books/History-Archaeology/0000011.jpg","The Complete MAUS","Art Spiegelman","Paperback","4.5","17.61","$","21.1","9780141014081","History-Archaeology","dataset/History-Archaeology/0000011.jpg"
"https://res.cloudinary.com/dwejbxhu7/image/upload/v1775648589/books/History-Archaeology/0000012.jpg","Tuesdays With Morrie","Mitch Albom","Paperback","4.0","5.15","$","11.4","9780751529814","History-Archaeology","dataset/History-Archaeology/0000012.jpg"
"https://res.cloudinary.com/dwejbxhu7/image/upload/v1775648590/books/History-Archaeology/0000013.jpg","The Diary of a Young Girl","Anne Frank","Paperback","4.0","6.52","$","","9780553296983","History-Archaeology","dataset/History-Archaeology/0000013.jpg"
"https://res.cloudinary.com/dwejbxhu7/image/upload/v1775648591/books/History-Archaeology/0000014.jpg","The Prince","Niccolo Machiavelli","Paperback","4.0","3.11","$","","9780486272740","History-Archaeology","dataset/History-Archaeology/0000014.jpg"
"https://res.cloudinary.com/dwejbxhu7/image/upload/v1775648592/books/History-Archaeology/0000015.jpg","Humans of New York","Brandon Stanton","Hardback","4.5","21.46","$","30.4","9781250038821","History-Archaeology","dataset/History-Archaeology/0000015.jpg"
"https://res.cloudinary.com/dwejbxhu7/image/upload/v1775648594/books/History-Archaeology/0000016.jpg","Guns, Germs And Steel","Jared Diamond","Paperback","4.0","13.17","$","13.9","9780099302780","History-Archaeology","dataset/History-Archaeology/0000016.jpg"
"https://res.cloudinary.com/dwejbxhu7/image/upload/v1775648595/books/History-Archaeology/0000017.jpg","Fear and Loathing in Las Vegas","Hunter S. Thompson","Paperback","4.0","8.3","$","11.49","9780007204496","History-Archaeology","dataset/History-Archaeology/0000017.jpg"
"https://res.cloudinary.com/dwejbxhu7/image/upload/v1775648596/books/History-Archaeology/0000018.jpg","Dark Emu","Bruce Pascoe","Paperback","4.5","12.46","$","16.0","9781911344780","History-Archaeology","dataset/History-Archaeology/0000018.jpg"
"https://res.cloudinary.com/dwejbxhu7/image/upload/v1775648597/books/History-Archaeology/0000019.jpg","The Art of War","Sun Tzu","Paperback","4.0","5.04","$","","9781599869773","History-Archaeology","dataset/History-Archaeology/0000019.jpg"
"https://res.cloudinary.com/dwejbxhu7/image/upload/v1775648598/books/History-Archaeology/0000020.jpg","Meditations","Marcus Aurelius","Paperback","4.0","8.13","$","10.3","9780140449334","History-Archaeology","dataset/History-Archaeology/0000020.jpg"
"https://res.cloudinary.com/dwejbxhu7/image/upload/v1775648599/books/Home-Garden/0000001.jpg","The Life-Changing Magic of Tidying Up","Marie Kondo","Hardback","4.0","13.55","$","21.6","9781607747307","Home-Garden","dataset/Home-Garden/0000001.jpg"
"https://res.cloudinary.com/dwejbxhu7/image/upload/v1775648600/books/Home-Garden/0000002.jpg","The Little Book of Hygge","Meik Wiking","Hardback","3.5","11.61","$","11.99","9780241283912","Home-Garden","dataset/Home-Garden/0000002.jpg"
"https://res.cloudinary.com/dwejbxhu7/image/upload/v1775648601/books/Home-Garden/0000003.jpg","A New Earth","Eckhart Tolle","Paperback","4.0","9.72","$","11.4","9780141039411","Home-Garden","dataset/Home-Garden/0000003.jpg"
"https://res.cloudinary.com/dwejbxhu7/image/upload/v1775648603/books/Home-Garden/0000004.jpg","Medical Medium Life-Changing Foods","Anthony William","Hardback","4.5","20.3","$","27.5","9781401948320","Home-Garden","dataset/Home-Garden/0000004.jpg"
"https://res.cloudinary.com/dwejbxhu7/image/upload/v1775648604/books/Home-Garden/0000005.jpg","Hinch Yourself Happy","Mrs Hinch","Hardback","4.0","13.67","$","16.0","9780241399750","Home-Garden","dataset/Home-Garden/0000005.jpg"
"https://res.cloudinary.com/dwejbxhu7/image/upload/v1775648605/books/Home-Garden/0000006.jpg","The Complete Guide to Yin Yoga","Bernie Clark","Paperback","4.5","14.75","$","14.99","9781935952503","Home-Garden","dataset/Home-Garden/0000006.jpg"
"https://res.cloudinary.com/dwejbxhu7/image/upload/v1775648607/books/Home-Garden/0000007.jpg","Light on Yoga","B. K. S. Iyengar","Paperback","4.5","18.4","$","26.5","9780805210316","Home-Garden","dataset/Home-Garden/0000007.jpg"
"https://res.cloudinary.com/dwejbxhu7/image/upload/v1775648608/books/Home-Garden/0000008.jpg","Harry Potter: Collectible Quidditch Set","Running Press","Paperback","5.0","18.32","$","22.99","9780762459452","Home-Garden","dataset/Home-Garden/0000008.jpg"
"https://res.cloudinary.com/dwejbxhu7/image/upload/v1775648609/books/Home-Garden/0000009.jpg","The Heart of Yoga","T. K. V. Desikachar","Paperback","4.5","15.87","$","20.1","9780892817641","Home-Garden","dataset/Home-Garden/0000009.jpg"
"https://res.cloudinary.com/dwejbxhu7/image/upload/v1775648610/books/Home-Garden/0000010.jpg","Curly Girl","Lorraine Massey","Paperback","4.0","11.36","$","13.95","9780761156789","Home-Garden","dataset/Home-Garden/0000010.jpg"
"https://res.cloudinary.com/dwejbxhu7/image/upload/v1775648611/books/Home-Garden/0000011.jpg","The Bro Code","Barney Stinson","Paperback","3.5","12.13","$","15.0","9781439110003","Home-Garden","dataset/Home-Garden/0000011.jpg"
"https://res.cloudinary.com/dwejbxhu7/image/upload/v1775648613/books/Home-Garden/0000012.jpg","Spark Joy","Marie Kondo","Hardback","4.0","16.13","$","18.0","9781607749721","Home-Garden","dataset/Home-Garden/0000012.jpg"
"https://res.cloudinary.com/dwejbxhu7/image/upload/v1775648616/books/Home-Garden/0000013.jpg","Save with Jamie","Jamie Oliver","Hardback","4.0","26.89","$","31.5","9780718158149","Home-Garden","dataset/Home-Garden/0000013.jpg"
"https://res.cloudinary.com/dwejbxhu7/image/upload/v1775648617/books/Home-Garden/0000014.jpg","Homebody","Joanna Gaines","Hardback","4.0","26.47","$","40.1","9780062801975","Home-Garden","dataset/Home-Garden/0000014.jpg"
"https://res.cloudinary.com/dwejbxhu7/image/upload/v1775648618/books/Home-Garden/0000015.jpg","Spark Joy","Marie Kondo","Paperback","4.0","12.66","$","17.0","9781785041020","Home-Garden","dataset/Home-Garden/0000015.jpg"
"https://res.cloudinary.com/dwejbxhu7/image/upload/v1775648619/books/Home-Garden/0000016.jpg","The Yoga Sutras of Patanjali","Swami Satchidananda","Paperback","4.5","16.42","$","21.5","9781938477072","Home-Garden","dataset/Home-Garden/0000016.jpg"
"https://res.cloudinary.com/dwejbxhu7/image/upload/v1775648621/books/Home-Garden/0000017.jpg","The Kinfolk Home","Nathan Williams","Hardback","3.5","27.84","$","30.95","9781579656652","Home-Garden","dataset/Home-Garden/0000017.jpg"
"https://res.cloudinary.com/dwejbxhu7/image/upload/v1775648622/books/Home-Garden/0000018.jpg","How To Be Parisian","Anne Berest","Hardback","3.5","18.49","$","21.5","9780091958091","Home-Garden","dataset/Home-Garden/0000018.jpg"
"https://res.cloudinary.com/dwejbxhu7/image/upload/v1775648623/books/Home-Garden/0000019.jpg","It","Alexa Chung","Hardback","3.5","19.72","$","25.2","9781846147548","Home-Garden","dataset/Home-Garden/0000019.jpg"
"https://res.cloudinary.com/dwejbxhu7/image/upload/v1775648624/books/Home-Garden/0000020.jpg","The Market Gardener","Jean-Martin Fortier","Paperback","4.5","18.18","$","18.99","9780865717657","Home-Garden","dataset/Home-Garden/0000020.jpg"
"https://res.cloudinary.com/dwejbxhu7/image/upload/v1775648626/books/Humour/0000001.jpg","This is Going to Hurt","Adam Kay","Paperback","4.5","7.6","$","11.4","9781509858637","Humour","dataset/Humour/0000001.jpg"
"https://res.cloudinary.com/dwejbxhu7/image/upload/v1775648627/books/Humour/0000002.jpg","A Man Called Ove","Fredrik Backman","Paperback","4.5","9.56","$","11.4","9781444775815","Humour","dataset/Humour/0000002.jpg"
"https://res.cloudinary.com/dwejbxhu7/image/upload/v1775648628/books/Humour/0000003.jpg","Born A Crime","Trevor Noah","Paperback","4.5","8.3","$","12.4","9781473635302","Humour","dataset/Humour/0000003.jpg"
"https://res.cloudinary.com/dwejbxhu7/image/upload/v1775648629/books/Humour/0000004.jpg","Wreck This Journal","Keri Smith","Paperback","4.0","9.59","$","12.9","9780141976143","Humour","dataset/Humour/0000004.jpg"
"https://res.cloudinary.com/dwejbxhu7/image/upload/v1775648630/books/Humour/0000005.jpg","The Life-Changing Magic of Not Giving a F**k","Sarah Knight","Hardback","3.5","11.11","$","18.0","9781784298463","Humour","dataset/Humour/0000005.jpg"
"https://res.cloudinary.com/dwejbxhu7/image/upload/v1775648632/books/Humour/0000006.jpg","What If?","Randall Munroe","Paperback","4.0","10.62","$","12.4","9781848549562","Humour","dataset/Humour/0000006.jpg"
"https://res.cloudinary.com/dwejbxhu7/image/upload/v1775648633/books/Humour/0000007.jpg","The Bro Code","Barney Stinson","Paperback","3.5","7.52","$","10.3","9781847399304","Humour","dataset/Humour/0000007.jpg"
"https://res.cloudinary.com/dwejbxhu7/image/upload/v1775648634/books/Humour/0000008.jpg","Go the F**k to Sleep","Adam Mansbach","Hardback","4.5","10.38","$","13.9","9780857862655","Humour","dataset/Humour/0000008.jpg"
"https://res.cloudinary.com/dwejbxhu7/image/upload/v1775648635/books/Humour/0000009.jpg","52 Things to Do While You Poo","Hugh Jassburn","Hardback","3.5","7.93","$","8.8","9781849534970","Humour","dataset/Humour/0000009.jpg"
"https://res.cloudinary.com/dwejbxhu7/image/upload/v1775648636/books/Humour/0000010.jpg","Everything I Know About Love","Dolly Alderton","Paperback","4.0","9.11","$","13.0","9780241982105","Humour","dataset/Humour/0000010.jpg"
"https://res.cloudinary.com/dwejbxhu7/image/upload/v1775648638/books/Humour/0000011.jpg","Batman The Killing Joke, Deluxe Edition","Alan Moore","Hardback","4.5","14.18","$","18.0","9781401216672","Humour","dataset/Humour/0000011.jpg"
"https://res.cloudinary.com/dwejbxhu7/image/upload/v1775648639/books/Humour/0000012.jpg","How It Works: The Mum","Jason Hazeley","Hardback","4.0","7.84","$","10.3","9780718184216","Humour","dataset/Humour/0000012.jpg"
"https://res.cloudinary.com/dwejbxhu7/image/upload/v1775648640/books/Humour/0000013.jpg","Adulthood Is a Myth","Sarah Andersen","Paperback","4.0","9.02","$","15.0","9781449474195","Humour","dataset/Humour/0000013.jpg"
"https://res.cloudinary.com/dwejbxhu7/image/upload/v1775648641/books/Humour/0000014.jpg","How it Works: The Husband","Jason Hazeley","Hardback","4.0","7.83","$","10.3","9780718183561","Humour","dataset/Humour/0000014.jpg"
"https://res.cloudinary.com/dwejbxhu7/image/upload/v1775648642/books/Humour/0000015.jpg","Thing Explainer","Randall Munroe","Hardback","4.0","16.86","$","21.5","9781473620919","Humour","dataset/Humour/0000015.jpg"
"https://res.cloudinary.com/dwejbxhu7/image/upload/v1775648643/books/Humour/0000016.jpg","The Life-Changing Magic of Not Giving a F**k","Sarah Knight","Paperback","3.5","13.75","$","16.0","9781784298470","Humour","dataset/Humour/0000016.jpg"
"https://res.cloudinary.com/dwejbxhu7/image/upload/v1775648645/books/Humour/0000017.jpg","Attachments","Rainbow Rowell","Paperback","4.0","7.79","$","11.4","9781409120537","Humour","dataset/Humour/0000017.jpg"
"https://res.cloudinary.com/dwejbxhu7/image/upload/v1775648646/books/Humour/0000018.jpg","How Proust Can Change Your Life","Alain de Botton","Paperback","4.0","6.49","$","11.4","9780330354912","Humour","dataset/Humour/0000018.jpg"
"https://res.cloudinary.com/dwejbxhu7/image/upload/v1775648647/books/Humour/0000019.jpg","Wreck This Journal Everywhere","Keri Smith","Paperback","4.0","5.83","$","7.8","9781846148583","Humour","dataset/Humour/0000019.jpg"
"https://res.cloudinary.com/dwejbxhu7/image/upload/v1775648648/books/Humour/0000020.jpg","Moab Is My Washpot","Stephen Fry","Paperback","4.0","5.99","$","12.9","9780099457046","Humour","dataset/Humour/0000020.jpg"
"https://res.cloudinary.com/dwejbxhu7/image/upload/v1775648649/books/Mind-Body-Spirit/0000001.jpg","Milk and Honey","Rupi Kaur","Paperback","4.0","8.18","$","15.0","9781449474256","Mind-Body-Spirit","dataset/Mind-Body-Spirit/0000001.jpg"
"https://res.cloudinary.com/dwejbxhu7/image/upload/v1775648650/books/Mind-Body-Spirit/0000002.jpg","The Power of Now","Eckhart Tolle","Paperback","4.0","8.2","$","13.9","9780340733509","Mind-Body-Spirit","dataset/Mind-Body-Spirit/0000002.jpg"
"https://res.cloudinary.com/dwejbxhu7/image/upload/v1775648651/books/Mind-Body-Spirit/0000003.jpg","The Happiness Trap","Russ Harris","Paperback","4.0","8.34","$","13.9","9781845298258","Mind-Body-Spirit","dataset/Mind-Body-Spirit/0000003.jpg"
"https://res.cloudinary.com/dwejbxhu7/image/upload/v1775648653/books/Mind-Body-Spirit/0000004.jpg","Gifts Of Imperfection, The:","Brene Brown","Paperback","4.0","11.8","$","14.9","9781592858491","Mind-Body-Spirit","dataset/Mind-Body-Spirit/0000004.jpg"
"https://res.cloudinary.com/dwejbxhu7/image/upload/v1775648654/books/Mind-Body-Spirit/0000005.jpg","Man's Search For Meaning","Viktor E. Frankl","Paperback","4.5","9.66","$","","9781846041242","Mind-Body-Spirit","dataset/Mind-Body-Spirit/0000005.jpg"
"https://res.cloudinary.com/dwejbxhu7/image/upload/v1775648656/books/Mind-Body-Spirit/0000006.jpg","The Body Keeps the Score","Bessel van der Kolk","Paperback","4.5","10.99","$","13.9","9780141978611","Mind-Body-Spirit","dataset/Mind-Body-Spirit/0000006.jpg"
"https://res.cloudinary.com/dwejbxhu7/image/upload/v1775648657/books/Mind-Body-Spirit/0000007.jpg","The Four Agreements","Don Miguel Ruiz","Paperback","4.0","9.45","$","13.9","9781878424310","Mind-Body-Spirit","dataset/Mind-Body-Spirit/0000007.jpg"
"https://res.cloudinary.com/dwejbxhu7/image/upload/v1775648658/books/Mind-Body-Spirit/0000008.jpg","The Little Book of Mindfulness","Dr. Patrizia Collard","Paperback","4.0","5.88","$","8.8","9781856753531","Mind-Body-Spirit","dataset/Mind-Body-Spirit/0000008.jpg"
"https://res.cloudinary.com/dwejbxhu7/image/upload/v1775648659/books/Mind-Body-Spirit/0000009.jpg","The Untethered Soul","Michael A. Singer","Paperback","4.0","10.46","$","","9781572245372","Mind-Body-Spirit","dataset/Mind-Body-Spirit/0000009.jpg"
"https://res.cloudinary.com/dwejbxhu7/image/upload/v1775648660/books/Mind-Body-Spirit/0000010.jpg","The Secret","Rhonda Byrne","Hardback","3.5","15.02","$","18.0","9781847370297","Mind-Body-Spirit","dataset/Mind-Body-Spirit/0000010.jpg"
"https://res.cloudinary.com/dwejbxhu7/image/upload/v1775648661/books/Mind-Body-Spirit/0000011.jpg","A New Earth","Eckhart Tolle","Paperback","4.0","9.72","$","11.4","9780141039411","Mind-Body-Spirit","dataset/Mind-Body-Spirit/0000011.jpg"
"https://res.cloudinary.com/dwejbxhu7/image/upload/v1775648662/books/Mind-Body-Spirit/0000012.jpg","Women Who Run with Wolves","Clarissa Pinkola Estes","Paperback","4.0","8.97","$","9.3","9780345409874","Mind-Body-Spirit","dataset/Mind-Body-Spirit/0000012.jpg"
"https://res.cloudinary.com/dwejbxhu7/image/upload/v1775648663/books/Mind-Body-Spirit/0000013.jpg","The Miracle Of Mindfulness","Thich Nhat Hanh","Paperback","4.0","8.66","$","11.4","9781846041068","Mind-Body-Spirit","dataset/Mind-Body-Spirit/0000013.jpg"
"https://res.cloudinary.com/dwejbxhu7/image/upload/v1775648664/books/Mind-Body-Spirit/0000014.jpg","The Mindfulness Colouring Book","Emma Farrarons","Paperback","4.0","6.8","$","10.5","9780752265629","Mind-Body-Spirit","dataset/Mind-Body-Spirit/0000014.jpg"
"https://res.cloudinary.com/dwejbxhu7/image/upload/v1775648665/books/Mind-Body-Spirit/0000015.jpg","Reinventing Your Life","Jeffrey E. Young","Paperback","4.0","13.78","$","25.95","9780452272040","Mind-Body-Spirit","dataset/Mind-Body-Spirit/0000015.jpg"
"https://res.cloudinary.com/dwejbxhu7/image/upload/v1775648666/books/Mind-Body-Spirit/0000016.jpg","Can't Hurt Me","David Goggins","Paperback","4.5","19.37","$","","9781544512273","Mind-Body-Spirit","dataset/Mind-Body-Spirit/0000016.jpg"
"https://res.cloudinary.com/dwejbxhu7/image/upload/v1775648668/books/Mind-Body-Spirit/0000017.jpg","Medical Medium Liver Rescue","Anthony William","Hardback","4.0","23.76","$","32.5","9781401954406","Mind-Body-Spirit","dataset/Mind-Body-Spirit/0000017.jpg"
"https://res.cloudinary.com/dwejbxhu7/image/upload/v1775648669/books/Mind-Body-Spirit/0000018.jpg","The Daily Stoic","Ryan Holiday","Paperback","4.5","10.61","$","13.9","9781781257654","Mind-Body-Spirit","dataset/Mind-Body-Spirit/0000018.jpg"
"https://res.cloudinary.com/dwejbxhu7/image/upload/v1775648670/books/Mind-Body-Spirit/0000019.jpg","Mindfulness","J. Mark G. Williams","Paperback","4.0","12.72","$","18.0","9780749953089","Mind-Body-Spirit","dataset/Mind-Body-Spirit/0000019.jpg"
"https://res.cloudinary.com/dwejbxhu7/image/upload/v1775648671/books/Mind-Body-Spirit/0000020.jpg","Medical Medium","Anthony William","Paperback","4.0","13.44","$","16.0","9781781805367","Mind-Body-Spirit","dataset/Mind-Body-Spirit/0000020.jpg"
"https://res.cloudinary.com/dwejbxhu7/image/upload/v1775648672/books/Natural-History/0000001.jpg","A Street Cat Named Bob","James Bowen","Paperback","4.0","7.52","$","11.5","9781444737110","Natural-History","dataset/Natural-History/0000001.jpg"
"https://res.cloudinary.com/dwejbxhu7/image/upload/v1775648673/books/Natural-History/0000002.jpg","The Salt Path","Raynor Winn","Paperback","4.0","9.53","$","12.9","9781405937184","Natural-History","dataset/Natural-History/0000002.jpg"
"https://res.cloudinary.com/dwejbxhu7/image/upload/v1775648674/books/Natural-History/0000003.jpg","Walden: Or, Life in the Woods","Henry David Thoreau","Paperback","4.0","5.14","$","","9780486284958","Natural-History","dataset/Natural-History/0000003.jpg"
"https://res.cloudinary.com/dwejbxhu7/image/upload/v1775648676/books/Natural-History/0000004.jpg","The Hidden Life of Trees","Peter Wohlleben","Paperback","4.0","9.62","$","12.9","9780008218430","Natural-History","dataset/Natural-History/0000004.jpg"
"https://res.cloudinary.com/dwejbxhu7/image/upload/v1775648678/books/Natural-History/0000005.jpg","Into Thin Air","Jon Krakauer","Paperback","4.0","8.49","$","12.4","9781447200185","Natural-History","dataset/Natural-History/0000005.jpg"
"https://res.cloudinary.com/dwejbxhu7/image/upload/v1775648679/books/Natural-History/0000006.jpg","The Overstory","Richard Powers","Paperback","4.0","11.33","$","11.5","9781784708245","Natural-History","dataset/Natural-History/0000006.jpg"
"https://res.cloudinary.com/dwejbxhu7/image/upload/v1775648680/books/Natural-History/0000007.jpg","The Shepherd's Life","James Rebanks","Paperback","4.0","9.73","$","12.9","9780141979366","Natural-History","dataset/Natural-History/0000007.jpg"
"https://res.cloudinary.com/dwejbxhu7/image/upload/v1775648681/books/Natural-History/0000008.jpg","Lost Ocean","Johanna Basford","Paperback","4.5","12.39","$","","9780753557150","Natural-History","dataset/Natural-History/0000008.jpg"
"https://res.cloudinary.com/dwejbxhu7/image/upload/v1775648682/books/Natural-History/0000009.jpg","The Hidden Life of Trees","Peter Wohlleben","Hardback","4.0","16.53","$","18.99","9781771642484","Natural-History","dataset/Natural-History/0000009.jpg"
"https://res.cloudinary.com/dwejbxhu7/image/upload/v1775648683/books/Natural-History/0000010.jpg","H is for Hawk","Helen Macdonald","Paperback","3.5","10.14","$","11.4","9780099575450","Natural-History","dataset/Natural-History/0000010.jpg"
"https://res.cloudinary.com/dwejbxhu7/image/upload/v1775648684/books/Natural-History/0000011.jpg","Creative Haven Creative Cats Coloring Book","Marjorie Sarnat","Paperback","4.5","5.22","$","","9780486789644","Natural-History","dataset/Natural-History/0000011.jpg"
"https://res.cloudinary.com/dwejbxhu7/image/upload/v1775648685/books/Natural-History/0000012.jpg","All Cats Have Asperger Syndrome","Kathy Hoopmann","Hardback","4.0","13.66","$","","9781843104810","Natural-History","dataset/Natural-History/0000012.jpg"
"https://res.cloudinary.com/dwejbxhu7/image/upload/v1775648686/books/Natural-History/0000013.jpg","The Corfu Trilogy","Gerald Durrell","Paperback","4.5","15.8","$","18.0","9780141028415","Natural-History","dataset/Natural-History/0000013.jpg"
"https://res.cloudinary.com/dwejbxhu7/image/upload/v1775648688/books/Natural-History/0000014.jpg","The Magic of Reality","Richard Dawkins","Paperback","4.0","5.98","$","11.4","9780552778053","Natural-History","dataset/Natural-History/0000014.jpg"
"https://res.cloudinary.com/dwejbxhu7/image/upload/v1775648689/books/Natural-History/0000015.jpg","An Astronaut's Guide to Life on Earth","Chris Hadfield","Paperback","4.0","7.75","$","11.5","9781447259947","Natural-History","dataset/Natural-History/0000015.jpg"
"https://res.cloudinary.com/dwejbxhu7/image/upload/v1775648690/books/Natural-History/0000016.jpg","How to Raise the Perfect Dog","Cesar Millan","Paperback","3.5","10.19","$","16.0","9780340993071","Natural-History","dataset/Natural-History/0000016.jpg"
"https://res.cloudinary.com/dwejbxhu7/image/upload/v1775648691/books/Natural-History/0000017.jpg","Don't Shoot the Dog!","Karen Pryor","Paperback","4.5","8.11","$","10.3","9781860542381","Natural-History","dataset/Natural-History/0000017.jpg"
"https://res.cloudinary.com/dwejbxhu7/image/upload/v1775648692/books/Natural-History/0000018.jpg","How it Works: The Cat","Jason Hazeley","Hardback","4.0","7.07","$","8.8","9780718184339","Natural-History","dataset/Natural-History/0000018.jpg"
"https://res.cloudinary.com/dwejbxhu7/image/upload/v1775648693/books/Natural-History/0000019.jpg","Grief is the Thing with Feathers","Max Porter","Paperback","4.0","8.17","$","9.5","9780571327232","Natural-History","dataset/Natural-History/0000019.jpg"
"https://res.cloudinary.com/dwejbxhu7/image/upload/v1775648695/books/Natural-History/0000020.jpg","Pale Blue Dot: a Vision of the Human Future in Space","Carl Sagan","Paperback","4.5","15.51","$","15.99","9780345376596","Natural-History","dataset/Natural-History/0000020.jpg"
"https://res.cloudinary.com/dwejbxhu7/image/upload/v1775648696/books/Personal-Development/0000001.jpg","The Barefoot Investor","Scott Pape","Paperback","4.5","14.06","$","17.6","9780730324218","Personal-Development","dataset/Personal-Development/0000001.jpg"
"https://res.cloudinary.com/dwejbxhu7/image/upload/v1775648697/books/Personal-Development/0000002.jpg","The Power of Now","Eckhart Tolle","Paperback","4.0","8.2","$","13.9","9780340733509","Personal-Development","dataset/Personal-Development/0000002.jpg"
"https://res.cloudinary.com/dwejbxhu7/image/upload/v1775648698/books/Personal-Development/0000003.jpg","The Subtle Art of Not Giving a F*ck","Mark Manson","Hardback","4.0","15.8","$","25.2","9780062457714","Personal-Development","dataset/Personal-Development/0000003.jpg"
"https://res.cloudinary.com/dwejbxhu7/image/upload/v1775648699/books/Personal-Development/0000004.jpg","How to Win Friends and Influence People","Dale Carnegie","Paperback","4.0","8.3","$","9.5","9781439199190","Personal-Development","dataset/Personal-Development/0000004.jpg"
"https://res.cloudinary.com/dwejbxhu7/image/upload/v1775648700/books/Personal-Development/0000005.jpg","Thinking, Fast and Slow","Daniel Kahneman","Paperback","4.0","11.5","$","15.0","9780141033570","Personal-Development","dataset/Personal-Development/0000005.jpg"
"https://res.cloudinary.com/dwejbxhu7/image/upload/v1775648702/books/Personal-Development/0000006.jpg","Start With Why","Simon Sinek","Paperback","4.0","8.9","$","12.4","9780241958223","Personal-Development","dataset/Personal-Development/0000006.jpg"
"https://res.cloudinary.com/dwejbxhu7/image/upload/v1775648703/books/Personal-Development/0000007.jpg","The Happiness Trap","Russ Harris","Paperback","4.0","8.34","$","13.9","9781845298258","Personal-Development","dataset/Personal-Development/0000007.jpg"
"https://res.cloudinary.com/dwejbxhu7/image/upload/v1775648704/books/Personal-Development/0000008.jpg","The Subtle Art of Not Giving a F*ck","Mark Manson","Paperback","4.0","14.15","$","18.0","9780062641540","Personal-Development","dataset/Personal-Development/0000008.jpg"
"https://res.cloudinary.com/dwejbxhu7/image/upload/v1775648705/books/Personal-Development/0000009.jpg","Lost Connections","Johann Hari","Paperback","4.5","8.53","$","11.5","9781408878729","Personal-Development","dataset/Personal-Development/0000009.jpg"
"https://res.cloudinary.com/dwejbxhu7/image/upload/v1775648707/books/Personal-Development/0000010.jpg","Gifts Of Imperfection, The:","Brene Brown","Paperback","4.0","11.8","$","14.9","9781592858491","Personal-Development","dataset/Personal-Development/0000010.jpg"
"https://res.cloudinary.com/dwejbxhu7/image/upload/v1775648708/books/Personal-Development/0000011.jpg","Man's Search For Meaning","Viktor E. Frankl","Paperback","4.5","9.66","$","","9781846041242","Personal-Development","dataset/Personal-Development/0000011.jpg"
"https://res.cloudinary.com/dwejbxhu7/image/upload/v1775648709/books/Personal-Development/0000012.jpg","The Life-Changing Magic of Tidying Up","Marie Kondo","Hardback","4.0","13.55","$","21.6","9781607747307","Personal-Development","dataset/Personal-Development/0000012.jpg"
"https://res.cloudinary.com/dwejbxhu7/image/upload/v1775648710/books/Personal-Development/0000013.jpg","The Body Keeps the Score","Bessel van der Kolk","Paperback","4.5","10.99","$","13.9","9780141978611","Personal-Development","dataset/Personal-Development/0000013.jpg"
"https://res.cloudinary.com/dwejbxhu7/image/upload/v1775648712/books/Personal-Development/0000014.jpg","Daring Greatly","Brene Brown","Paperback","4.5","9.6","$","12.4","9780241257401","Personal-Development","dataset/Personal-Development/0000014.jpg"
"https://res.cloudinary.com/dwejbxhu7/image/upload/v1775648713/books/Personal-Development/0000015.jpg","The Intelligent Investor","Benjamin Graham","Paperback","4.0","15.99","$","25.2","9780060555665","Personal-Development","dataset/Personal-Development/0000015.jpg"
"https://res.cloudinary.com/dwejbxhu7/image/upload/v1775648715/books/Personal-Development/0000016.jpg","The Four Agreements","Don Miguel Ruiz","Paperback","4.0","9.45","$","13.9","9781878424310","Personal-Development","dataset/Personal-Development/0000016.jpg"
"https://res.cloudinary.com/dwejbxhu7/image/upload/v1775648717/books/Personal-Development/0000017.jpg","The Man Who Mistook His Wife for a Hat","Oliver Sacks","Paperback","4.0","5.92","$","14.8","9780330523622","Personal-Development","dataset/Personal-Development/0000017.jpg"
"https://res.cloudinary.com/dwejbxhu7/image/upload/v1775648718/books/Personal-Development/0000018.jpg","Dare to Lead","Brene Brown","Paperback","4.0","13.09","$","16.0","9781785042140","Personal-Development","dataset/Personal-Development/0000018.jpg"
"https://res.cloudinary.com/dwejbxhu7/image/upload/v1775648719/books/Personal-Development/0000019.jpg","The Little Book of Mindfulness","Dr. Patrizia Collard","Paperback","4.0","5.88","$","8.8","9781856753531","Personal-Development","dataset/Personal-Development/0000019.jpg"
"https://res.cloudinary.com/dwejbxhu7/image/upload/v1775648720/books/Personal-Development/0000020.jpg","Quiet","Susan Cain","Paperback","4.0","9.79","$","12.4","9780141029191","Personal-Development","dataset/Personal-Development/0000020.jpg"
"https://res.cloudinary.com/dwejbxhu7/image/upload/v1775648721/books/Poetry-Drama/0000001.jpg","Milk and Honey","Rupi Kaur","Paperback","4.0","8.18","$","15.0","9781449474256","Poetry-Drama","dataset/Poetry-Drama/0000001.jpg"
"https://res.cloudinary.com/dwejbxhu7/image/upload/v1775648722/books/Poetry-Drama/0000002.jpg","Harry Potter and the Cursed Child - Parts I & II","J. K. Rowling","Hardback","3.5","15.43","$","26.3","9780751565355","Poetry-Drama","dataset/Poetry-Drama/0000002.jpg"
"https://res.cloudinary.com/dwejbxhu7/image/upload/v1775648723/books/Poetry-Drama/0000003.jpg","Wonder","R. J. Palacio","Paperback","4.5","8.32","$","8.8","9780552565974","Poetry-Drama","dataset/Poetry-Drama/0000003.jpg"
"https://res.cloudinary.com/dwejbxhu7/image/upload/v1775648724/books/Poetry-Drama/0000004.jpg","The Day the Crayons Quit","Drew Daywalt","Paperback","4.5","9.5","$","12.9","9780007513765","Poetry-Drama","dataset/Poetry-Drama/0000004.jpg"
"https://res.cloudinary.com/dwejbxhu7/image/upload/v1775648725/books/Poetry-Drama/0000005.jpg","Normal People","Sally Rooney","Paperback","4.0","8.93","$","10.5","9780571334650","Poetry-Drama","dataset/Poetry-Drama/0000005.jpg"
"https://res.cloudinary.com/dwejbxhu7/image/upload/v1775648726/books/Poetry-Drama/0000006.jpg","Lost Connections","Johann Hari","Paperback","4.5","8.53","$","11.5","9781408878729","Poetry-Drama","dataset/Poetry-Drama/0000006.jpg"
"https://res.cloudinary.com/dwejbxhu7/image/upload/v1775648728/books/Poetry-Drama/0000007.jpg","Man's Search For Meaning","Viktor E. Frankl","Paperback","4.5","9.66","$","","9781846041242","Poetry-Drama","dataset/Poetry-Drama/0000007.jpg"
"https://res.cloudinary.com/dwejbxhu7/image/upload/v1775648729/books/Poetry-Drama/0000008.jpg","Harry Potter and the Philosopher's Stone","J. K. Rowling","Hardback","4.5","30.91","$","38.6","9781408845646","Poetry-Drama","dataset/Poetry-Drama/0000008.jpg"
"https://res.cloudinary.com/dwejbxhu7/image/upload/v1775648730/books/Poetry-Drama/0000009.jpg","The Sun and Her Flowers","Rupi Kaur","Paperback","4.0","10.76","$","17.0","9781471165825","Poetry-Drama","dataset/Poetry-Drama/0000009.jpg"
"https://res.cloudinary.com/dwejbxhu7/image/upload/v1775648731/books/Poetry-Drama/0000010.jpg","The Man Who Mistook His Wife for a Hat","Oliver Sacks","Paperback","4.0","5.92","$","14.8","9780330523622","Poetry-Drama","dataset/Poetry-Drama/0000010.jpg"
"https://res.cloudinary.com/dwejbxhu7/image/upload/v1775648732/books/Poetry-Drama/0000011.jpg","Where The Wild Things Are","Maurice Sendak","Paperback","4.0","8.29","$","8.8","9780099408390","Poetry-Drama","dataset/Poetry-Drama/0000011.jpg"
"https://res.cloudinary.com/dwejbxhu7/image/upload/v1775648733/books/Poetry-Drama/0000012.jpg","Fantastic Beasts and Where to Find Them","J. K. Rowling","Hardback","4.5","11.05","$","21.5","9781408708989","Poetry-Drama","dataset/Poetry-Drama/0000012.jpg"
"https://res.cloudinary.com/dwejbxhu7/image/upload/v1775648734/books/Poetry-Drama/0000013.jpg","Harry Potter and the Philosopher's Stone","J. K. Rowling","Paperback","4.5","8.13","$","10.3","9781408855652","Poetry-Drama","dataset/Poetry-Drama/0000013.jpg"
"https://res.cloudinary.com/dwejbxhu7/image/upload/v1775648735/books/Poetry-Drama/0000014.jpg","Mythos","Stephen Fry","Paperback","4.0","9.93","$","11.5","9781405934138","Poetry-Drama","dataset/Poetry-Drama/0000014.jpg"
"https://res.cloudinary.com/dwejbxhu7/image/upload/v1775648736/books/Poetry-Drama/0000015.jpg","21 Lessons for the 21st Century","Yuval Noah Harari","Paperback","4.0","19.07","$","19.1","9781787330870","Poetry-Drama","dataset/Poetry-Drama/0000015.jpg"
"https://res.cloudinary.com/dwejbxhu7/image/upload/v1775648738/books/Poetry-Drama/0000016.jpg","Women Who Run with Wolves","Clarissa Pinkola Estes","Paperback","4.0","8.97","$","9.3","9780345409874","Poetry-Drama","dataset/Poetry-Drama/0000016.jpg"
"https://res.cloudinary.com/dwejbxhu7/image/upload/v1775648739/books/Poetry-Drama/0000017.jpg","What I Know for Sure","Oprah Winfrey","Hardback","4.0","11.1","$","20.1","9781447277668","Poetry-Drama","dataset/Poetry-Drama/0000017.jpg"
"https://res.cloudinary.com/dwejbxhu7/image/upload/v1775648740/books/Poetry-Drama/0000018.jpg","We Should All Be Feminists","Chimamanda Ngozi Adichie","Paperback","4.5","4.88","$","6.2","9780008115272","Poetry-Drama","dataset/Poetry-Drama/0000018.jpg"
"https://res.cloudinary.com/dwejbxhu7/image/upload/v1775648741/books/Poetry-Drama/0000019.jpg","On Writing","Stephen King","Paperback","4.5","8.67","$","12.4","9781444723250","Poetry-Drama","dataset/Poetry-Drama/0000019.jpg"
"https://res.cloudinary.com/dwejbxhu7/image/upload/v1775648742/books/Poetry-Drama/0000020.jpg","The Very Hungry Caterpillar","Eric Carle","Paperback","4.5","7.29","$","8.8","9780140569322","Poetry-Drama","dataset/Poetry-Drama/0000020.jpg"
"https://res.cloudinary.com/dwejbxhu7/image/upload/v1775648744/books/Reference/0000001.jpg","The Definitive Book of Body Language","Allan Pease","Paperback","4.0","5.63","$","11.4","9781409168508","Reference","dataset/Reference/0000001.jpg"
"https://res.cloudinary.com/dwejbxhu7/image/upload/v1775648745/books/Reference/0000002.jpg","The Tipping Point","Malcolm Gladwell","Paperback","4.0","7.55","$","8.8","9780316679077","Reference","dataset/Reference/0000002.jpg"
"https://res.cloudinary.com/dwejbxhu7/image/upload/v1775648746/books/Reference/0000003.jpg","The Jolly Christmas Postman","Allan Ahlberg","Hardback","4.5","13.81","$","16.0","9780141340111","Reference","dataset/Reference/0000003.jpg"
"https://res.cloudinary.com/dwejbxhu7/image/upload/v1775648748/books/Reference/0000004.jpg","The Flavour Thesaurus","Niki Segnit","Hardback","4.0","18.68","$","25.2","9780747599777","Reference","dataset/Reference/0000004.jpg"
"https://res.cloudinary.com/dwejbxhu7/image/upload/v1775648750/books/Reference/0000005.jpg","Nudge","Richard H. Thaler","Paperback","4.0","9.73","$","12.4","9780141040011","Reference","dataset/Reference/0000005.jpg"
"https://res.cloudinary.com/dwejbxhu7/image/upload/v1775648751/books/Reference/0000006.jpg","Harry Potter - A History of Magic","British Library","Hardback","4.0","30.92","$","37.6","9781408890769","Reference","dataset/Reference/0000006.jpg"
"https://res.cloudinary.com/dwejbxhu7/image/upload/v1775648752/books/Reference/0000007.jpg","Nonviolent Communication 3rd Ed","Marshall B. Rosenberg","Paperback","4.5","15.03","$","19.1","9781892005281","Reference","dataset/Reference/0000007.jpg"
"https://res.cloudinary.com/dwejbxhu7/image/upload/v1775648753/books/Reference/0000008.jpg","Politics and the English Language","George Orwell","Paperback","4.5","2.81","$","","9780141393063","Reference","dataset/Reference/0000008.jpg"
"https://res.cloudinary.com/dwejbxhu7/image/upload/v1775648754/books/Reference/0000009.jpg","The Black Swan","Nassim Nicholas Taleb","Paperback","4.0","10.72","$","11.4","9780141034591","Reference","dataset/Reference/0000009.jpg"
"https://res.cloudinary.com/dwejbxhu7/image/upload/v1775648755/books/Reference/0000010.jpg","Orientalism","Edward W. Said","Paperback","4.0","10.96","$","13.9","9780141187426","Reference","dataset/Reference/0000010.jpg"
"https://res.cloudinary.com/dwejbxhu7/image/upload/v1775648757/books/Reference/0000011.jpg","Superintelligence","Nick Bostrom","Paperback","4.0","9.93","$","12.4","9780198739838","Reference","dataset/Reference/0000011.jpg"
"https://res.cloudinary.com/dwejbxhu7/image/upload/v1775648758/books/Reference/0000012.jpg","Salt, Fat, Acid, Heat","Samin Nosrat","Hardback","4.5","26.59","$","37.6","9781476753836","Reference","dataset/Reference/0000012.jpg"
"https://res.cloudinary.com/dwejbxhu7/image/upload/v1775648759/books/Reference/0000013.jpg","Nudge","Richard H. Thaler","Paperback","4.0","11.7","$","13.0","9780143115267","Reference","dataset/Reference/0000013.jpg"
"https://res.cloudinary.com/dwejbxhu7/image/upload/v1775648760/books/Reference/0000014.jpg","Is it Just Me?","Miranda Hart","Paperback","4.0","8.35","$","12.9","9781444734164","Reference","dataset/Reference/0000014.jpg"
"https://res.cloudinary.com/dwejbxhu7/image/upload/v1775648761/books/Reference/0000015.jpg","Guinness World Records 2019","Guinness World Records","Hardback","4.5","27.98","$","","9781912286461","Reference","dataset/Reference/0000015.jpg"
"https://res.cloudinary.com/dwejbxhu7/image/upload/v1775648762/books/Reference/0000016.jpg","Lonely Planet's Ultimate Travelist","Lonely Planet","Hardback","4.5","25.55","$","","9781743607473","Reference","dataset/Reference/0000016.jpg"
"https://res.cloudinary.com/dwejbxhu7/image/upload/v1775648764/books/Reference/0000017.jpg","An Indian Housewife's Recipe Book","Laxmi Khurana","Paperback","4.0","5.06","$","8.8","9780716020783","Reference","dataset/Reference/0000017.jpg"
"https://res.cloudinary.com/dwejbxhu7/image/upload/v1775648765/books/Reference/0000018.jpg","The Black Swan: Second Edition","Nassim Nicholas Taleb","Paperback","4.0","15.01","$","18.0","9780812973815","Reference","dataset/Reference/0000018.jpg"
"https://res.cloudinary.com/dwejbxhu7/image/upload/v1775648766/books/Reference/0000019.jpg","The Complete Book of Essential Oils and Aromatherapy, Revised and Expanded","Valerie Ann Worwood","Paperback","4.5","22.42","$","","9781577311393","Reference","dataset/Reference/0000019.jpg"
"https://res.cloudinary.com/dwejbxhu7/image/upload/v1775648768/books/Reference/0000020.jpg","Guinness World Records 2018","Guinness World Records","Hardback","4.5","11.98","$","","9781910561713","Reference","dataset/Reference/0000020.jpg"
"https://res.cloudinary.com/dwejbxhu7/image/upload/v1775648769/books/Religion/0000001.jpg","The Life-Changing Magic of Tidying Up","Marie Kondo","Hardback","4.0","13.55","$","21.6","9781607747307","Religion","dataset/Religion/0000001.jpg"
"https://res.cloudinary.com/dwejbxhu7/image/upload/v1775648770/books/Religion/0000002.jpg","Five Love Languages Revised Edition","Gary Chapman","Paperback","4.0","11.61","$","15.0","9780802412706","Religion","dataset/Religion/0000002.jpg"
"https://res.cloudinary.com/dwejbxhu7/image/upload/v1775648772/books/Religion/0000003.jpg","The Miracle Of Mindfulness","Thich Nhat Hanh","Paperback","4.0","8.66","$","11.4","9781846041068","Religion","dataset/Religion/0000003.jpg"
"https://res.cloudinary.com/dwejbxhu7/image/upload/v1775648773/books/Religion/0000004.jpg","Meditations","Marcus Aurelius","Paperback","4.0","4.57","$","11.4","9780753820162","Religion","dataset/Religion/0000004.jpg"
"https://res.cloudinary.com/dwejbxhu7/image/upload/v1775648774/books/Religion/0000005.jpg","Mere Christianity","C. S. Lewis","Paperback","4.5","8.71","$","11.4","9780007461219","Religion","dataset/Religion/0000005.jpg"
"https://res.cloudinary.com/dwejbxhu7/image/upload/v1775648776/books/Religion/0000006.jpg","The Art of Happiness","Dalai Lama XIV","Paperback","4.0","11.15","$","12.49","9780340750155","Religion","dataset/Religion/0000006.jpg"
"https://res.cloudinary.com/dwejbxhu7/image/upload/v1775648777/books/Religion/0000007.jpg","The Hero with a Thousand Faces","Joseph Campbell","Hardback","4.0","18.3","$","","9781577315933","Religion","dataset/Religion/0000007.jpg"
"https://res.cloudinary.com/dwejbxhu7/image/upload/v1775648778/books/Religion/0000008.jpg","The Book of Joy","Dalai Lama","Hardback","4.5","16.66","$","18.0","9781786330444","Religion","dataset/Religion/0000008.jpg"
"https://res.cloudinary.com/dwejbxhu7/image/upload/v1775648779/books/Religion/0000009.jpg","Proof of Heaven","Dr. Eben Alexander","Paperback","3.5","13.01","$","17.0","9781451695199","Religion","dataset/Religion/0000009.jpg"
"https://res.cloudinary.com/dwejbxhu7/image/upload/v1775648780/books/Religion/0000010.jpg","The Shack","William P. Young","Paperback","4.0","7.69","$","12.9","9780340979495","Religion","dataset/Religion/0000010.jpg"
"https://res.cloudinary.com/dwejbxhu7/image/upload/v1775648782/books/Religion/0000011.jpg","The Qur'an","M. a. S. Abdel Haleem","Paperback","4.5","8.22","$","10.3","9780199535958","Religion","dataset/Religion/0000011.jpg"
"https://res.cloudinary.com/dwejbxhu7/image/upload/v1775648783/books/Religion/0000012.jpg","Practising The Power Of Now","Eckhart Tolle","Paperback","4.5","8.19","$","13.9","9780340822531","Religion","dataset/Religion/0000012.jpg"
"https://res.cloudinary.com/dwejbxhu7/image/upload/v1775648785/books/Religion/0000013.jpg","Heaven is for Real","Todd Burpo","Paperback","4.0","9.55","$","13.9","9780849946158","Religion","dataset/Religion/0000013.jpg"
"https://res.cloudinary.com/dwejbxhu7/image/upload/v1775648786/books/Religion/0000014.jpg","The Reason for God","Timothy Keller","Paperback","4.0","8.23","$","12.4","9780340979334","Religion","dataset/Religion/0000014.jpg"
"https://res.cloudinary.com/dwejbxhu7/image/upload/v1775648787/books/Religion/0000015.jpg","Conversations With God","Neale Donald Walsch","Paperback","4.0","7.63","$","12.4","9780340693254","Religion","dataset/Religion/0000015.jpg"
"https://res.cloudinary.com/dwejbxhu7/image/upload/v1775648788/books/Religion/0000016.jpg","The Universal Christ","Richard Rohr","Paperback","4.5","10.58","$","12.9","9780281078622","Religion","dataset/Religion/0000016.jpg"
"https://res.cloudinary.com/dwejbxhu7/image/upload/v1775648789/books/Religion/0000017.jpg","Journey of Souls","Michael Newton","Paperback","4.5","16.61","$","19.1","9781567184853","Religion","dataset/Religion/0000017.jpg"
"https://res.cloudinary.com/dwejbxhu7/image/upload/v1775648791/books/Religion/0000018.jpg","When Things Fall Apart","Pema Chodron","Paperback","4.5","8.74","$","12.9","9780007183517","Religion","dataset/Religion/0000018.jpg"
"https://res.cloudinary.com/dwejbxhu7/image/upload/v1775648792/books/Religion/0000019.jpg","Satanic Bible","Anton Szandor Lavey","Paperback","3.5","7.06","$","10.3","9780380015399","Religion","dataset/Religion/0000019.jpg"
"https://res.cloudinary.com/dwejbxhu7/image/upload/v1775648793/books/Religion/0000020.jpg","The Screwtape Letters","C. S. Lewis","Paperback","4.0","8.53","$","11.4","9780007461240","Religion","dataset/Religion/0000020.jpg"
"https://res.cloudinary.com/dwejbxhu7/image/upload/v1775648794/books/Romance/0000001.jpg","Normal People","Sally Rooney","Paperback","4.0","8.93","$","10.5","9780571334650","Romance","dataset/Romance/0000001.jpg"
"https://res.cloudinary.com/dwejbxhu7/image/upload/v1775648795/books/Romance/0000002.jpg","Call Me By Your Name","Andre Aciman","Paperback","4.5","5.08","$","10.3","9781786495259","Romance","dataset/Romance/0000002.jpg"
"https://res.cloudinary.com/dwejbxhu7/image/upload/v1775648797/books/Romance/0000003.jpg","Me Before You","Jojo Moyes","Paperback","4.5","10.47","$","","9780718157838","Romance","dataset/Romance/0000003.jpg"
"https://res.cloudinary.com/dwejbxhu7/image/upload/v1775648798/books/Romance/0000004.jpg","Fifty Shades of Grey","E. L. James","Paperback","3.5","10.11","$","10.27","9780099579939","Romance","dataset/Romance/0000004.jpg"
"https://res.cloudinary.com/dwejbxhu7/image/upload/v1775648799/books/Romance/0000005.jpg","The Husband's Secret","Liane Moriarty","Paperback","4.0","9.33","$","9.99","9781405911665","Romance","dataset/Romance/0000005.jpg"
"https://res.cloudinary.com/dwejbxhu7/image/upload/v1775648800/books/Romance/0000006.jpg","Gone Girl","Gillian Flynn","Paperback","4.0","9.55","$","10.5","9781780221359","Romance","dataset/Romance/0000006.jpg"
"https://res.cloudinary.com/dwejbxhu7/image/upload/v1775648801/books/Romance/0000007.jpg","One Day","David Nicholls","Paperback","4.0","8.07","$","11.4","9780340896983","Romance","dataset/Romance/0000007.jpg"
"https://res.cloudinary.com/dwejbxhu7/image/upload/v1775648803/books/Romance/0000008.jpg","Big Little Lies","Liane Moriarty","Paperback","4.5","9.55","$","9.8","9781405916363","Romance","dataset/Romance/0000008.jpg"
"https://res.cloudinary.com/dwejbxhu7/image/upload/v1775648804/books/Romance/0000009.jpg","Normal People","Sally Rooney","Paperback","4.0","19.27","$","","9780571347292","Romance","dataset/Romance/0000009.jpg"
"https://res.cloudinary.com/dwejbxhu7/image/upload/v1775648805/books/Romance/0000010.jpg","Fifty Shades Freed","E. L. James","Paperback","4.0","10.21","$","10.5","9780099579946","Romance","dataset/Romance/0000010.jpg"
"https://res.cloudinary.com/dwejbxhu7/image/upload/v1775648807/books/Romance/0000011.jpg","The Seven Husbands of Evelyn Hugo","TAYLOR JENKINS REID","Paperback","4.5","8.49","$","17.0","9781501161933","Romance","dataset/Romance/0000011.jpg"
"https://res.cloudinary.com/dwejbxhu7/image/upload/v1775648808/books/Romance/0000012.jpg","Gone Girl","Gillian Flynn","Paperback","4.0","9.18","$","11.4","9780753827666","Romance","dataset/Romance/0000012.jpg"
"https://res.cloudinary.com/dwejbxhu7/image/upload/v1775648809/books/Romance/0000013.jpg","Fifty Shades Darker","E. L. James","Paperback","4.0","10.21","$","10.5","9780099579922","Romance","dataset/Romance/0000013.jpg"
"https://res.cloudinary.com/dwejbxhu7/image/upload/v1775648811/books/Romance/0000014.jpg","Crooked Kingdom: Collector's Edition","Leigh Bardugo","Hardback","4.5","14.68","$","18.0","9781510107038","Romance","dataset/Romance/0000014.jpg"
"https://res.cloudinary.com/dwejbxhu7/image/upload/v1775648812/books/Romance/0000015.jpg","Looking For Alaska","John Green","Paperback","4.0","7.74","$","10.3","9780007523160","Romance","dataset/Romance/0000015.jpg"
"https://res.cloudinary.com/dwejbxhu7/image/upload/v1775648813/books/Romance/0000016.jpg","After You","Jojo Moyes","Paperback","3.5","9.28","$","10.3","9781405909075","Romance","dataset/Romance/0000016.jpg"
"https://res.cloudinary.com/dwejbxhu7/image/upload/v1775648814/books/Romance/0000017.jpg","Love & Misadventure","Lang Leav","Paperback","4.0","8.11","$","17.0","9781449456146","Romance","dataset/Romance/0000017.jpg"
"https://res.cloudinary.com/dwejbxhu7/image/upload/v1775648815/books/Romance/0000018.jpg","The Dressmaker","Rosalie Ham","Paperback","3.5","8.29","$","11.4","9781846689949","Romance","dataset/Romance/0000018.jpg"
"https://res.cloudinary.com/dwejbxhu7/image/upload/v1775648816/books/Romance/0000019.jpg","Six of Crows","Leigh Bardugo","Paperback","4.5","8.80","$","10.5","9781780622286","Romance","dataset/Romance/0000019.jpg"
"https://res.cloudinary.com/dwejbxhu7/image/upload/v1775648817/books/Romance/0000020.jpg","A Court of Thorns and Roses","Sarah J. Maas","Paperback","4.5","9.02","$","10.5","9781408857861","Romance","dataset/Romance/0000020.jpg"
"https://res.cloudinary.com/dwejbxhu7/image/upload/v1775648819/books/Science-Fiction-Fantasy-Horror/0000001.jpg","1984","George Orwell","Paperback","4.0","7.88","$","8.8","9780141036144","Science-Fiction-Fantasy-Horror","dataset/Science-Fiction-Fantasy-Horror/0000001.jpg"
"https://res.cloudinary.com/dwejbxhu7/image/upload/v1775648820/books/Science-Fiction-Fantasy-Horror/0000002.jpg","The Testaments","Margaret Atwood","Hardback","4.0","20.92","$","26.3","9781784742324","Science-Fiction-Fantasy-Horror","dataset/Science-Fiction-Fantasy-Horror/0000002.jpg"
"https://res.cloudinary.com/dwejbxhu7/image/upload/v1775648821/books/Science-Fiction-Fantasy-Horror/0000003.jpg","Animal Farm","George Orwell","Paperback","4.0","7.98","$","10.3","9780141036137","Science-Fiction-Fantasy-Horror","dataset/Science-Fiction-Fantasy-Horror/0000003.jpg"
"https://res.cloudinary.com/dwejbxhu7/image/upload/v1775648823/books/Science-Fiction-Fantasy-Horror/0000004.jpg","Harry Potter and the Philosopher's Stone","J. K. Rowling","Hardback","4.5","30.91","$","38.6","9781408845646","Science-Fiction-Fantasy-Horror","dataset/Science-Fiction-Fantasy-Horror/0000004.jpg"
"https://res.cloudinary.com/dwejbxhu7/image/upload/v1775648824/books/Science-Fiction-Fantasy-Horror/0000005.jpg","Fantastic Beasts and Where to Find Them","J. K. Rowling","Hardback","4.5","11.05","$","21.5","9781408708989","Science-Fiction-Fantasy-Horror","dataset/Science-Fiction-Fantasy-Horror/0000005.jpg"
"https://res.cloudinary.com/dwejbxhu7/image/upload/v1775648825/books/Science-Fiction-Fantasy-Horror/0000006.jpg","A Game of Thrones","George R. R. Martin","Paperback","4.5","10.52","$","","9780006479888","Science-Fiction-Fantasy-Horror","dataset/Science-Fiction-Fantasy-Horror/0000006.jpg"
"https://res.cloudinary.com/dwejbxhu7/image/upload/v1775648826/books/Science-Fiction-Fantasy-Horror/0000007.jpg","Fahrenheit 451","Ray Bradbury","Paperback","4.0","6.8","$","8.3","9781451690316","Science-Fiction-Fantasy-Horror","dataset/Science-Fiction-Fantasy-Horror/0000007.jpg"
"https://res.cloudinary.com/dwejbxhu7/image/upload/v1775648827/books/Science-Fiction-Fantasy-Horror/0000008.jpg","Ready Player One","Ernest Cline","Paperback","4.5","8.82","$","10.5","9780099560432","Science-Fiction-Fantasy-Horror","dataset/Science-Fiction-Fantasy-Horror/0000008.jpg"
"https://res.cloudinary.com/dwejbxhu7/image/upload/v1775648829/books/Science-Fiction-Fantasy-Horror/0000009.jpg","Harry Potter and the Philosopher's Stone","J. K. Rowling","Paperback","4.5","8.13","$","10.3","9781408855652","Science-Fiction-Fantasy-Horror","dataset/Science-Fiction-Fantasy-Horror/0000009.jpg"
"https://res.cloudinary.com/dwejbxhu7/image/upload/v1775648830/books/Science-Fiction-Fantasy-Horror/0000010.jpg","The Tales of Beedle the Bard","J. K. Rowling","Hardback","4.0","9.14","$","12.4","9780747599876","Science-Fiction-Fantasy-Horror","dataset/Science-Fiction-Fantasy-Horror/0000010.jpg"
"https://res.cloudinary.com/dwejbxhu7/image/upload/v1775648831/books/Science-Fiction-Fantasy-Horror/0000011.jpg","Harry Potter Box Set: The Complete Collection Children's Paperback","J. K. Rowling","Paperback","4.5","93.93","$","","9781408856772","Science-Fiction-Fantasy-Horror","dataset/Science-Fiction-Fantasy-Horror/0000011.jpg"
"https://res.cloudinary.com/dwejbxhu7/image/upload/v1775648832/books/Science-Fiction-Fantasy-Horror/0000012.jpg","Good Omens","Neil Gaiman","Paperback","4.0","8.47","$","","9780060853983","Science-Fiction-Fantasy-Horror","dataset/Science-Fiction-Fantasy-Horror/0000012.jpg"
"https://res.cloudinary.com/dwejbxhu7/image/upload/v1775648833/books/Science-Fiction-Fantasy-Horror/0000013.jpg","Fantastic Beasts: The Crimes of Grindelwald - The Original Screenplay","J.K. Rowling","Hardback","4.0","15.14","$","18.0","9781408711705","Science-Fiction-Fantasy-Horror","dataset/Science-Fiction-Fantasy-Horror/0000013.jpg"
"https://res.cloudinary.com/dwejbxhu7/image/upload/v1775648834/books/Science-Fiction-Fantasy-Horror/0000014.jpg","A Clash of Kings","George R. R. Martin","Paperback","4.5","10.82","$","","9780006479895","Science-Fiction-Fantasy-Horror","dataset/Science-Fiction-Fantasy-Horror/0000014.jpg"
"https://res.cloudinary.com/dwejbxhu7/image/upload/v1775648836/books/Science-Fiction-Fantasy-Horror/0000015.jpg","The Name of the Wind","Patrick Rothfuss","Paperback","4.5","10.31","$","","9780575081406","Science-Fiction-Fantasy-Horror","dataset/Science-Fiction-Fantasy-Horror/0000015.jpg"
"https://res.cloudinary.com/dwejbxhu7/image/upload/v1775648837/books/Science-Fiction-Fantasy-Horror/0000016.jpg","Harry Potter and the Chamber of Secrets","J. K. Rowling","Paperback","4.5","8.3","$","10.3","9781408855669","Science-Fiction-Fantasy-Horror","dataset/Science-Fiction-Fantasy-Horror/0000016.jpg"
"https://res.cloudinary.com/dwejbxhu7/image/upload/v1775648839/books/Science-Fiction-Fantasy-Horror/0000017.jpg","The Hitchhiker's Guide to the Galaxy","Douglas Adams","Paperback","4.0","6.76","$","8.8","9780345391803","Science-Fiction-Fantasy-Horror","dataset/Science-Fiction-Fantasy-Horror/0000017.jpg"
"https://res.cloudinary.com/dwejbxhu7/image/upload/v1775648840/books/Science-Fiction-Fantasy-Horror/0000018.jpg","Never Let Me Go","Kazuo Ishiguro","Paperback","4.0","8.96","$","11.4","9780571258093","Science-Fiction-Fantasy-Horror","dataset/Science-Fiction-Fantasy-Horror/0000018.jpg"
"https://res.cloudinary.com/dwejbxhu7/image/upload/v1775648841/books/Science-Fiction-Fantasy-Horror/0000019.jpg","The Last Wish","Andrzej Sapkowski","Paperback","4.0","7.98","$","8.8","9780316029186","Science-Fiction-Fantasy-Horror","dataset/Science-Fiction-Fantasy-Horror/0000019.jpg"
"https://res.cloudinary.com/dwejbxhu7/image/upload/v1775648843/books/Science-Fiction-Fantasy-Horror/0000020.jpg","Harry Potter and the Prisoner of Azkaban","J. K. Rowling","Paperback","4.5","9.46","$","10.3","9781408855676","Science-Fiction-Fantasy-Horror","dataset/Science-Fiction-Fantasy-Horror/0000020.jpg"
"https://res.cloudinary.com/dwejbxhu7/image/upload/v1775648844/books/Society-Social-Sciences/0000001.jpg","Sapiens","Yuval Noah Harari","Paperback","4.5","12.98","$","","9780099590088","Society-Social-Sciences","dataset/Society-Social-Sciences/0000001.jpg"
"https://res.cloudinary.com/dwejbxhu7/image/upload/v1775648846/books/Society-Social-Sciences/0000002.jpg","How to Win Friends and Influence People","Dale Carnegie","Paperback","4.0","8.3","$","9.5","9781439199190","Society-Social-Sciences","dataset/Society-Social-Sciences/0000002.jpg"
"https://res.cloudinary.com/dwejbxhu7/image/upload/v1775648847/books/Society-Social-Sciences/0000003.jpg","Thinking, Fast and Slow","Daniel Kahneman","Paperback","4.0","11.5","$","15.0","9780141033570","Society-Social-Sciences","dataset/Society-Social-Sciences/0000003.jpg"
"https://res.cloudinary.com/dwejbxhu7/image/upload/v1775648848/books/Society-Social-Sciences/0000004.jpg","Good Night Stories for Rebel Girls","Elena Favilli","Hardback","4.5","20.86","$","24.0","9780141986005","Society-Social-Sciences","dataset/Society-Social-Sciences/0000004.jpg"
"https://res.cloudinary.com/dwejbxhu7/image/upload/v1775648849/books/Society-Social-Sciences/0000005.jpg","Becoming","Michelle Obama","Hardback","4.5","24.21","$","26.0","9780241334140","Society-Social-Sciences","dataset/Society-Social-Sciences/0000005.jpg"
"https://res.cloudinary.com/dwejbxhu7/image/upload/v1775648850/books/Society-Social-Sciences/0000006.jpg","Educated","Tara Westover","Paperback","4.5","9.61","$","11.5","9780099511021","Society-Social-Sciences","dataset/Society-Social-Sciences/0000006.jpg"
"https://res.cloudinary.com/dwejbxhu7/image/upload/v1775648852/books/Society-Social-Sciences/0000007.jpg","Start With Why","Simon Sinek","Paperback","4.0","8.9","$","12.4","9780241958223","Society-Social-Sciences","dataset/Society-Social-Sciences/0000007.jpg"
"https://res.cloudinary.com/dwejbxhu7/image/upload/v1775648853/books/Society-Social-Sciences/0000008.jpg","When Breath Becomes Air","Paul Kalanithi","Paperback","4.5","9.05","$","11.5","9781784701994","Society-Social-Sciences","dataset/Society-Social-Sciences/0000008.jpg"
"https://res.cloudinary.com/dwejbxhu7/image/upload/v1775648855/books/Society-Social-Sciences/0000009.jpg","The Happiness Trap","Russ Harris","Paperback","4.0","8.34","$","13.9","9781845298258","Society-Social-Sciences","dataset/Society-Social-Sciences/0000009.jpg"
"https://res.cloudinary.com/dwejbxhu7/image/upload/v1775648856/books/Society-Social-Sciences/0000010.jpg","Lost Connections","Johann Hari","Paperback","4.5","8.53","$","11.5","9781408878729","Society-Social-Sciences","dataset/Society-Social-Sciences/0000010.jpg"
"https://res.cloudinary.com/dwejbxhu7/image/upload/v1775648857/books/Society-Social-Sciences/0000011.jpg","Man's Search For Meaning","Viktor E. Frankl","Paperback","4.5","9.66","$","","9781846041242","Society-Social-Sciences","dataset/Society-Social-Sciences/0000011.jpg"
"https://res.cloudinary.com/dwejbxhu7/image/upload/v1775648858/books/Society-Social-Sciences/0000012.jpg","The Life-Changing Magic of Tidying Up","Marie Kondo","Hardback","4.0","13.55","$","21.6","9781607747307","Society-Social-Sciences","dataset/Society-Social-Sciences/0000012.jpg"
"https://res.cloudinary.com/dwejbxhu7/image/upload/v1775648860/books/Society-Social-Sciences/0000013.jpg","The Body Keeps the Score","Bessel van der Kolk","Paperback","4.5","10.99","$","13.9","9780141978611","Society-Social-Sciences","dataset/Society-Social-Sciences/0000013.jpg"
"https://res.cloudinary.com/dwejbxhu7/image/upload/v1775648861/books/Society-Social-Sciences/0000014.jpg","Homo Deus","Yuval Noah Harari","Paperback","4.5","12.9","$","","9781784703936","Society-Social-Sciences","dataset/Society-Social-Sciences/0000014.jpg"
"https://res.cloudinary.com/dwejbxhu7/image/upload/v1775648862/books/Society-Social-Sciences/0000015.jpg","I Know Why the Caged Bird Sings","Maya Angelou","Paperback","4.0","7.07","$","","9780345514400","Society-Social-Sciences","dataset/Society-Social-Sciences/0000015.jpg"
"https://res.cloudinary.com/dwejbxhu7/image/upload/v1775648863/books/Society-Social-Sciences/0000016.jpg","Why We Sleep","Matthew Walker","Paperback","4.5","9.93","$","12.4","9780141983769","Society-Social-Sciences","dataset/Society-Social-Sciences/0000016.jpg"
"https://res.cloudinary.com/dwejbxhu7/image/upload/v1775648864/books/Society-Social-Sciences/0000017.jpg","The Whole-Brain Child","Daniel J Siegel","Paperback","4.0","12.71","$","21.1","9780553386691","Society-Social-Sciences","dataset/Society-Social-Sciences/0000017.jpg"
"https://res.cloudinary.com/dwejbxhu7/image/upload/v1775648865/books/Society-Social-Sciences/0000018.jpg","The Four Agreements","Don Miguel Ruiz","Paperback","4.0","9.45","$","13.9","9781878424310","Society-Social-Sciences","dataset/Society-Social-Sciences/0000018.jpg"
"https://res.cloudinary.com/dwejbxhu7/image/upload/v1775648867/books/Society-Social-Sciences/0000019.jpg","The Man Who Mistook His Wife for a Hat","Oliver Sacks","Paperback","4.0","5.92","$","14.8","9780330523622","Society-Social-Sciences","dataset/Society-Social-Sciences/0000019.jpg"
"https://res.cloudinary.com/dwejbxhu7/image/upload/v1775648868/books/Society-Social-Sciences/0000020.jpg","Quiet","Susan Cain","Paperback","4.0","9.79","$","12.4","9780141029191","Society-Social-Sciences","dataset/Society-Social-Sciences/0000020.jpg"
"https://res.cloudinary.com/dwejbxhu7/image/upload/v1775648869/books/Sport/0000001.jpg","Legacy","James Kerr","Paperback","4.0","9.7","$","16.0","9781472103536","Sport","dataset/Sport/0000001.jpg"
"https://res.cloudinary.com/dwejbxhu7/image/upload/v1775648870/books/Sport/0000002.jpg","Born to Run","Christopher McDougall","Paperback","4.5","9.05","$","12.4","9781861978776","Sport","dataset/Sport/0000002.jpg"
"https://res.cloudinary.com/dwejbxhu7/image/upload/v1775648871/books/Sport/0000003.jpg","Yoga Anatomy","Leslie Kaminoff","Paperback","4.5","17.73","$","21.1","9781450400244","Sport","dataset/Sport/0000003.jpg"
"https://res.cloudinary.com/dwejbxhu7/image/upload/v1775648873/books/Sport/0000004.jpg","The 4-Hour Body","Timothy Ferriss","Paperback","4.0","19.32","$","","9780091939526","Sport","dataset/Sport/0000004.jpg"
"https://res.cloudinary.com/dwejbxhu7/image/upload/v1775648874/books/Sport/0000005.jpg","The Salt Path","Raynor Winn","Paperback","4.0","9.53","$","12.9","9781405937184","Sport","dataset/Sport/0000005.jpg"
"https://res.cloudinary.com/dwejbxhu7/image/upload/v1775648875/books/Sport/0000006.jpg","Into Thin Air","Jon Krakauer","Paperback","4.0","8.49","$","12.4","9781447200185","Sport","dataset/Sport/0000006.jpg"
"https://res.cloudinary.com/dwejbxhu7/image/upload/v1775648876/books/Sport/0000007.jpg","What I Talk About When I Talk About Running","Haruki Murakami","Paperback","4.0","8.33","$","10.3","9780099532538","Sport","dataset/Sport/0000007.jpg"
"https://res.cloudinary.com/dwejbxhu7/image/upload/v1775648877/books/Sport/0000008.jpg","Open","Andre Agassi","Paperback","4.0","11.97","$","12.4","9780307388407","Sport","dataset/Sport/0000008.jpg"
"https://res.cloudinary.com/dwejbxhu7/image/upload/v1775648879/books/Sport/0000009.jpg","Relentless","Tim S. Grover","Paperback","4.0","9.4","$","17.0","9781476714202","Sport","dataset/Sport/0000009.jpg"
"https://res.cloudinary.com/dwejbxhu7/image/upload/v1775648880/books/Sport/0000010.jpg","Strength Training Anatomy","Frederic Delavier","Paperback","4.5","13.83","$","13.99","9780736092265","Sport","dataset/Sport/0000010.jpg"
"https://res.cloudinary.com/dwejbxhu7/image/upload/v1775648881/books/Sport/0000011.jpg","The Boys In The Boat","Daniel James Brown","Paperback","4.5","8.06","$","11.4","9781447210986","Sport","dataset/Sport/0000011.jpg"
"https://res.cloudinary.com/dwejbxhu7/image/upload/v1775648882/books/Sport/0000012.jpg","The Talent Code","Daniel Coyle","Paperback","4.0","9.05","$","11.4","9780099519850","Sport","dataset/Sport/0000012.jpg"
"https://res.cloudinary.com/dwejbxhu7/image/upload/v1775648883/books/Sport/0000013.jpg","Norwegian Wood","Lars Mytting","Hardback","4.0","16.96","$","25.2","9780857052551","Sport","dataset/Sport/0000013.jpg"
"https://res.cloudinary.com/dwejbxhu7/image/upload/v1775648884/books/Sport/0000014.jpg","Born to Run","Christopher McDougall","Paperback","4.5","13.76","$","17.0","9780307279187","Sport","dataset/Sport/0000014.jpg"
"https://res.cloudinary.com/dwejbxhu7/image/upload/v1775648885/books/Sport/0000015.jpg","The Book Of Five Rings","Miyamoto Musashi","Paperback","4.0","6.89","$","10.3","9781590302484","Sport","dataset/Sport/0000015.jpg"
"https://res.cloudinary.com/dwejbxhu7/image/upload/v1775648886/books/Sport/0000016.jpg","Epic Bike Rides of the World","Lonely Planet","Hardback","4.0","21.43","$","31.4","9781760340834","Sport","dataset/Sport/0000016.jpg"
"https://res.cloudinary.com/dwejbxhu7/image/upload/v1775648888/books/Sport/0000017.jpg","Mud, Sweat and Tears","Bear Grylls","Paperback","4.0","11.66","$","12.9","9781905026494","Sport","dataset/Sport/0000017.jpg"
"https://res.cloudinary.com/dwejbxhu7/image/upload/v1775648889/books/Sport/0000018.jpg","Open","Andre Agassi","Paperback","4.0","10.64","$","13.9","9780007281435","Sport","dataset/Sport/0000018.jpg"
"https://res.cloudinary.com/dwejbxhu7/image/upload/v1775648890/books/Sport/0000019.jpg","The Inner Game of Tennis","W. Timothy Gallwey","Paperback","4.0","7.02","$","11.4","9781447288503","Sport","dataset/Sport/0000019.jpg"
"https://res.cloudinary.com/dwejbxhu7/image/upload/v1775648891/books/Sport/0000020.jpg","Black Box Thinking","Matthew Syed","Paperback","4.5","8.38","$","12.9","9781473613805","Sport","dataset/Sport/0000020.jpg"
"https://res.cloudinary.com/dwejbxhu7/image/upload/v1775648892/books/Stationery/0000001.jpg","Enchanted Forest","Johanna Basford","Paperback","4.5","12.23","$","12.4","9781780674872","Stationery","dataset/Stationery/0000001.jpg"
"https://res.cloudinary.com/dwejbxhu7/image/upload/v1775648894/books/Stationery/0000002.jpg","Harry Potter Colouring Book","J. K. Rowling","Paperback","4.5","9.52","$","12.4","9781783705481","Stationery","dataset/Stationery/0000002.jpg"
"https://res.cloudinary.com/dwejbxhu7/image/upload/v1775648895/books/Stationery/0000003.jpg","Q And A A Day","Potter Style","Hardback","4.5","12.52","$","18.5","9780307719775","Stationery","dataset/Stationery/0000003.jpg"
"https://res.cloudinary.com/dwejbxhu7/image/upload/v1775648896/books/Stationery/0000004.jpg","The Mindfulness Colouring Book","Emma Farrarons","Paperback","4.0","6.8","$","10.5","9780752265629","Stationery","dataset/Stationery/0000004.jpg"
"https://res.cloudinary.com/dwejbxhu7/image/upload/v1775648897/books/Stationery/0000005.jpg","Wreck This Journal","Keri Smith","Paperback","4.0","9.59","$","12.9","9780141976143","Stationery","dataset/Stationery/0000005.jpg"
"https://res.cloudinary.com/dwejbxhu7/image/upload/v1775648898/books/Stationery/0000006.jpg","Moleskine Large Watercolour Album And Notebook","Moleskine","Notebook / blank book","0.0","11.86","$","19.9","9788883705625","Stationery","dataset/Stationery/0000006.jpg"
"https://res.cloudinary.com/dwejbxhu7/image/upload/v1775648899/books/Stationery/0000007.jpg","Moleskine Large Ruled Hardcover Notebook Black","Moleskine","Notebook / blank book","4.5","12.97","$","18.9","9788883701122","Stationery","dataset/Stationery/0000007.jpg"
"https://res.cloudinary.com/dwejbxhu7/image/upload/v1775648901/books/Stationery/0000008.jpg","One Line a Day","Chronicle Books","Calendar","4.5","9.65","$","13.5","9780811870191","Stationery","dataset/Stationery/0000008.jpg"
"https://res.cloudinary.com/dwejbxhu7/image/upload/v1775648902/books/Stationery/0000009.jpg","Create This Book","Moriah Elizabeth","Paperback","4.5","17.05","$","","9780692452745","Stationery","dataset/Stationery/0000009.jpg"
"https://res.cloudinary.com/dwejbxhu7/image/upload/v1775648903/books/Stationery/0000010.jpg","Millie Marotta's Animal Kingdom","Millie Marotta","Paperback","4.5","11.6","$","12.9","9781849941679","Stationery","dataset/Stationery/0000010.jpg"
"https://res.cloudinary.com/dwejbxhu7/image/upload/v1775648904/books/Stationery/0000011.jpg","Moleskine Large Sketchbook Black","","Notebook / blank book","4.5","12.18","$","19.9","9788883701153","Stationery","dataset/Stationery/0000011.jpg"
"https://res.cloudinary.com/dwejbxhu7/image/upload/v1775648905/books/Stationery/0000012.jpg","Moleskine Large Plain Notebook","","Notebook / blank book","0.0","11.63","$","18.9","9788883701146","Stationery","dataset/Stationery/0000012.jpg"
"https://res.cloudinary.com/dwejbxhu7/image/upload/v1775648906/books/Stationery/0000013.jpg","Wreck This Journal Everywhere","Keri Smith","Paperback","4.0","5.83","$","7.8","9781846148583","Stationery","dataset/Stationery/0000013.jpg"
"https://res.cloudinary.com/dwejbxhu7/image/upload/v1775648908/books/Stationery/0000014.jpg","Moleskine Pocket Watercolour Notebook","Moleskine","Notebook / blank book","5.0","9.7","$","15.9","9788883705601","Stationery","dataset/Stationery/0000014.jpg"
"https://res.cloudinary.com/dwejbxhu7/image/upload/v1775648909/books/Stationery/0000015.jpg","Just Between Us Mother & Daughter","Meredith Jacobs","Notebook / blank book","4.5","11.94","$","15.5","9780811868952","Stationery","dataset/Stationery/0000015.jpg"
"https://res.cloudinary.com/dwejbxhu7/image/upload/v1775648910/books/Stationery/0000016.jpg","Satanic Bible","Anton Szandor Lavey","Paperback","3.5","7.06","$","10.3","9780380015399","Stationery","dataset/Stationery/0000016.jpg"
"https://res.cloudinary.com/dwejbxhu7/image/upload/v1775648912/books/Stationery/0000017.jpg","LEGO Gadgets","Editors of Klutz","Mixed media product","5.0","13.8","$","17.0","9781338219630","Stationery","dataset/Stationery/0000017.jpg"
"https://res.cloudinary.com/dwejbxhu7/image/upload/v1775648913/books/Stationery/0000018.jpg","Moleskine Soft Large Ruled Notebook Black","Moleskine","Notebook / blank book","0.0","14.63","$","18.9","9788883707162","Stationery","dataset/Stationery/0000018.jpg"
"https://res.cloudinary.com/dwejbxhu7/image/upload/v1775648914/books/Stationery/0000019.jpg","Rider-Waite Tarot Deck","Professor Arthur Edward Waite","Cards","4.5","15.1","$","23.5","9780913866139","Stationery","dataset/Stationery/0000019.jpg"
"https://res.cloudinary.com/dwejbxhu7/image/upload/v1775648915/books/Stationery/0000020.jpg","On Writing Well","William Zinsser","Paperback","4.5","13.02","$","16.95","9780060891541","Stationery","dataset/Stationery/0000020.jpg"
"https://res.cloudinary.com/dwejbxhu7/image/upload/v1775648916/books/Teaching-Resources-Education/0000001.jpg","Educated","Tara Westover","Paperback","4.5","9.61","$","11.5","9780099511021","Teaching-Resources-Education","dataset/Teaching-Resources-Education/0000001.jpg"
"https://res.cloudinary.com/dwejbxhu7/image/upload/v1775648917/books/Teaching-Resources-Education/0000002.jpg","Mindset - Updated Edition","Carol Dweck","Paperback","4.0","8.60","$","13.9","9781472139955","Teaching-Resources-Education","dataset/Teaching-Resources-Education/0000002.jpg"
"https://res.cloudinary.com/dwejbxhu7/image/upload/v1775648919/books/Teaching-Resources-Education/0000003.jpg","Toe by Toe","Keda Cowling","Paperback","4.0","35.65","$","","9780952256403","Teaching-Resources-Education","dataset/Teaching-Resources-Education/0000003.jpg"
"https://res.cloudinary.com/dwejbxhu7/image/upload/v1775648920/books/Teaching-Resources-Education/0000004.jpg","I Am Malala","Malala Yousafzai","Paperback","4.0","8.25","$","11.4","9781780226583","Teaching-Resources-Education","dataset/Teaching-Resources-Education/0000004.jpg"
"https://res.cloudinary.com/dwejbxhu7/image/upload/v1775648921/books/Teaching-Resources-Education/0000005.jpg","The Montessori Toddler","Simone Davies","Paperback","4.5","14.41","$","17.95","9781523506897","Teaching-Resources-Education","dataset/Teaching-Resources-Education/0000005.jpg"
"https://res.cloudinary.com/dwejbxhu7/image/upload/v1775648922/books/Teaching-Resources-Education/0000006.jpg","The Whole-Brain Child","Tina Payne Bryson","Paperback","4.0","11.23","$","17.0","9781780338378","Teaching-Resources-Education","dataset/Teaching-Resources-Education/0000006.jpg"
"https://res.cloudinary.com/dwejbxhu7/image/upload/v1775648923/books/Teaching-Resources-Education/0000007.jpg","Visible Learning for Teachers","John Hattie","Paperback","4.0","36.16","$","37.1","9780415690157","Teaching-Resources-Education","dataset/Teaching-Resources-Education/0000007.jpg"
"https://res.cloudinary.com/dwejbxhu7/image/upload/v1775648924/books/Teaching-Resources-Education/0000008.jpg","How to Win Friends and Influence People","Dale Carnegie","Paperback","4.0","7.06","$","10.73","9780091906351","Teaching-Resources-Education","dataset/Teaching-Resources-Education/0000008.jpg"
"https://res.cloudinary.com/dwejbxhu7/image/upload/v1775648925/books/Teaching-Resources-Education/0000009.jpg","The Complete Guide to Asperger's Syndrome","Tony Attwood","Paperback","4.0","20.08","$","24.0","9781843106692","Teaching-Resources-Education","dataset/Teaching-Resources-Education/0000009.jpg"
"https://res.cloudinary.com/dwejbxhu7/image/upload/v1775648926/books/Teaching-Resources-Education/0000010.jpg","The CAFE Book","Gail Boushey","Paperback","4.5","25.87","$","34.5","9781571107282","Teaching-Resources-Education","dataset/Teaching-Resources-Education/0000010.jpg"
"https://res.cloudinary.com/dwejbxhu7/image/upload/v1775648928/books/Teaching-Resources-Education/0000011.jpg","The Red Beast","Kay Al-Ghani","Hardback","4.5","16.90","$","","9781843109433","Teaching-Resources-Education","dataset/Teaching-Resources-Education/0000011.jpg"
"https://res.cloudinary.com/dwejbxhu7/image/upload/v1775648929/books/Teaching-Resources-Education/0000012.jpg","Teach Your Child to Read in 100 Easy Lessons","Siegfried Engelmann","Paperback","4.0","20.00","$","29.9","9780671631987","Teaching-Resources-Education","dataset/Teaching-Resources-Education/0000012.jpg"
"https://res.cloudinary.com/dwejbxhu7/image/upload/v1775648930/books/Teaching-Resources-Education/0000013.jpg","Oxford School Shakespeare: Macbeth","William Shakespeare","Paperback","4.0","6.74","$","8.5","9780198324003","Teaching-Resources-Education","dataset/Teaching-Resources-Education/0000013.jpg"
"https://res.cloudinary.com/dwejbxhu7/image/upload/v1775648931/books/Teaching-Resources-Education/0000014.jpg","Macbeth (No Fear Shakespeare)","Sparknotes","Paperback","4.0","6.60","$","7.8","9781586638467","Teaching-Resources-Education","dataset/Teaching-Resources-Education/0000014.jpg"
"https://res.cloudinary.com/dwejbxhu7/image/upload/v1775648932/books/Teaching-Resources-Education/0000015.jpg","Making Thinking Visible","Ron Ritchhart","Paperback","4.0","18.76","$","25.6","9780470915516","Teaching-Resources-Education","dataset/Teaching-Resources-Education/0000015.jpg"
"https://res.cloudinary.com/dwejbxhu7/image/upload/v1775648933/books/Teaching-Resources-Education/0000016.jpg","The Daily 5","Gail Boushey","Paperback","4.5","25.87","$","34.5","9781571109743","Teaching-Resources-Education","dataset/Teaching-Resources-Education/0000016.jpg"
"https://res.cloudinary.com/dwejbxhu7/image/upload/v1775648934/books/Teaching-Resources-Education/0000017.jpg","All Cats Have Asperger Syndrome","Kathy Hoopmann","Hardback","4.0","13.66","$","","9781843104810","Teaching-Resources-Education","dataset/Teaching-Resources-Education/0000017.jpg"
"https://res.cloudinary.com/dwejbxhu7/image/upload/v1775648936/books/Teaching-Resources-Education/0000018.jpg","Yoga Sequencing","Mark Stephens","Paperback","4.5","22.17","$","24.0","9781583944974","Teaching-Resources-Education","dataset/Teaching-Resources-Education/0000018.jpg"
"https://res.cloudinary.com/dwejbxhu7/image/upload/v1775648937/books/Teaching-Resources-Education/0000019.jpg","Five Love Languages of Children","Ross  Gary & Campbell Chapman","Paperback","4.0","11.74","$","15.0","9780802412850","Teaching-Resources-Education","dataset/Teaching-Resources-Education/0000019.jpg"
"https://res.cloudinary.com/dwejbxhu7/image/upload/v1775648939/books/Teaching-Resources-Education/0000020.jpg","An Introductory Guide to Anatomy & Physiology","Louise Tucker","Paperback","4.0","23.00","$","","9781903348345","Teaching-Resources-Education","dataset/Teaching-Resources-Education/0000020.jpg"
"https://res.cloudinary.com/dwejbxhu7/image/upload/v1775648940/books/Technology-Engineering/0000001.jpg","Homo Deus","Yuval Noah Harari","Paperback","4.5","12.9","$","","9781784703936","Technology-Engineering","dataset/Technology-Engineering/0000001.jpg"
"https://res.cloudinary.com/dwejbxhu7/image/upload/v1775648941/books/Technology-Engineering/0000002.jpg","The Art of War","Sun Tzu","Paperback","4.0","3.03","$","3.11","9780007420124","Technology-Engineering","dataset/Technology-Engineering/0000002.jpg"
"https://res.cloudinary.com/dwejbxhu7/image/upload/v1775648942/books/Technology-Engineering/0000003.jpg","Elon Musk","Ashlee Vance","Paperback","4.0","7.61","$","7.8","9780753557525","Technology-Engineering","dataset/Technology-Engineering/0000003.jpg"
"https://res.cloudinary.com/dwejbxhu7/image/upload/v1775648944/books/Technology-Engineering/0000004.jpg","Bad Blood","John Carreyrou","Paperback","4.5","8.4","$","12.4","9781509868087","Technology-Engineering","dataset/Technology-Engineering/0000004.jpg"
"https://res.cloudinary.com/dwejbxhu7/image/upload/v1775648945/books/Technology-Engineering/0000005.jpg","Astrophysics for People in a Hurry","Neil Degrasse Tyson","Hardback","4.0","13.37","$","17.0","9780393609394","Technology-Engineering","dataset/Technology-Engineering/0000005.jpg"
"https://res.cloudinary.com/dwejbxhu7/image/upload/v1775648946/books/Technology-Engineering/0000006.jpg","Ottolenghi: The Cookbook","Yotam Ottolenghi","Hardback","4.5","29.7","$","31.99","9780091922344","Technology-Engineering","dataset/Technology-Engineering/0000006.jpg"
"https://res.cloudinary.com/dwejbxhu7/image/upload/v1775648947/books/Technology-Engineering/0000007.jpg","The Noma Guide to Fermentation (Foundations of Flavor)","René Redzepi","Hardback","4.5","25.75","$","35.95","9781579657185","Technology-Engineering","dataset/Technology-Engineering/0000007.jpg"
"https://res.cloudinary.com/dwejbxhu7/image/upload/v1775648948/books/Technology-Engineering/0000008.jpg","Lego Chain Reactions","Pat Murphy","Mixed media product","4.0","12.99","$","17.0","9780545703307","Technology-Engineering","dataset/Technology-Engineering/0000008.jpg"
"https://res.cloudinary.com/dwejbxhu7/image/upload/v1775648949/books/Technology-Engineering/0000009.jpg","Dark Emu","Bruce Pascoe","Paperback","4.5","12.46","$","16.0","9781911344780","Technology-Engineering","dataset/Technology-Engineering/0000009.jpg"
"https://res.cloudinary.com/dwejbxhu7/image/upload/v1775648950/books/Technology-Engineering/0000010.jpg","The Art of Fermentation","Sandor Ellix Katz","Hardback","4.5","28.86","$","37.1","9781603582865","Technology-Engineering","dataset/Technology-Engineering/0000010.jpg"
"https://res.cloudinary.com/dwejbxhu7/image/upload/v1775648951/books/Technology-Engineering/0000011.jpg","The Art of War","Sun Tzu","Paperback","4.0","5.04","$","","9781599869773","Technology-Engineering","dataset/Technology-Engineering/0000011.jpg"
"https://res.cloudinary.com/dwejbxhu7/image/upload/v1775648953/books/Technology-Engineering/0000012.jpg","Thing Explainer","Randall Munroe","Hardback","4.0","16.86","$","21.5","9781473620919","Technology-Engineering","dataset/Technology-Engineering/0000012.jpg"
"https://res.cloudinary.com/dwejbxhu7/image/upload/v1775648954/books/Technology-Engineering/0000013.jpg","The Shepherd's Life","James Rebanks","Paperback","4.0","9.73","$","12.9","9780141979366","Technology-Engineering","dataset/Technology-Engineering/0000013.jpg"
"https://res.cloudinary.com/dwejbxhu7/image/upload/v1775648955/books/Technology-Engineering/0000014.jpg","LEGO Gadgets","Editors of Klutz","Mixed media product","5.0","13.8","$","17.0","9781338219630","Technology-Engineering","dataset/Technology-Engineering/0000014.jpg"
"https://res.cloudinary.com/dwejbxhu7/image/upload/v1775648956/books/Technology-Engineering/0000015.jpg","Hooked","Nir Eyal","Hardback","4.0","13.76","$","16.0","9780241184837","Technology-Engineering","dataset/Technology-Engineering/0000015.jpg"
"https://res.cloudinary.com/dwejbxhu7/image/upload/v1775648957/books/Technology-Engineering/0000016.jpg","The Design of Everyday Things","Donald A. Norman","Paperback","4.0","14.22","$","","9780465050659","Technology-Engineering","dataset/Technology-Engineering/0000016.jpg"
"https://res.cloudinary.com/dwejbxhu7/image/upload/v1775648959/books/Technology-Engineering/0000017.jpg","An Astronaut's Guide to Life on Earth","Chris Hadfield","Paperback","4.0","7.75","$","11.5","9781447259947","Technology-Engineering","dataset/Technology-Engineering/0000017.jpg"
"https://res.cloudinary.com/dwejbxhu7/image/upload/v1775648960/books/Technology-Engineering/0000018.jpg","The Market Gardener","Jean-Martin Fortier","Paperback","4.5","18.18","$","18.99","9780865717657","Technology-Engineering","dataset/Technology-Engineering/0000018.jpg"
"https://res.cloudinary.com/dwejbxhu7/image/upload/v1775648961/books/Technology-Engineering/0000019.jpg","The Secret Lives of Colour","Kassia St. Clair","Hardback","4.0","17.75","$","24.0","9781473630819","Technology-Engineering","dataset/Technology-Engineering/0000019.jpg"
"https://res.cloudinary.com/dwejbxhu7/image/upload/v1775648962/books/Technology-Engineering/0000020.jpg","Norwegian Wood","Lars Mytting","Hardback","4.0","16.96","$","25.2","9780857052551","Technology-Engineering","dataset/Technology-Engineering/0000020.jpg"
"https://res.cloudinary.com/dwejbxhu7/image/upload/v1775648963/books/Teen-Young-Adult/0000001.jpg","The Little Prince","Antoine de Saint-Exupery","Paperback","4.5","3.19","$","","9781853261589","Teen-Young-Adult","dataset/Teen-Young-Adult/0000001.jpg"
"https://res.cloudinary.com/dwejbxhu7/image/upload/v1775648964/books/Teen-Young-Adult/0000002.jpg","Harry Potter and the Cursed Child - Parts I & II","J. K. Rowling","Hardback","3.5","15.43","$","26.3","9780751565355","Teen-Young-Adult","dataset/Teen-Young-Adult/0000002.jpg"
"https://res.cloudinary.com/dwejbxhu7/image/upload/v1775648965/books/Teen-Young-Adult/0000003.jpg","Wonder","R. J. Palacio","Paperback","4.5","8.32","$","8.8","9780552565974","Teen-Young-Adult","dataset/Teen-Young-Adult/0000003.jpg"
"https://res.cloudinary.com/dwejbxhu7/image/upload/v1775648966/books/Teen-Young-Adult/0000004.jpg","Roald Dahl's Marvellous Joke Book","Roald Dahl","Paperback","4.0","5.84","$","6.2","9780141340555","Teen-Young-Adult","dataset/Teen-Young-Adult/0000004.jpg"
"https://res.cloudinary.com/dwejbxhu7/image/upload/v1775648967/books/Teen-Young-Adult/0000005.jpg","Brain Games For Clever Kids","Gareth Moore","Paperback","4.0","4.5","$","6.2","9781780552491","Teen-Young-Adult","dataset/Teen-Young-Adult/0000005.jpg"
"https://res.cloudinary.com/dwejbxhu7/image/upload/v1775648969/books/Teen-Young-Adult/0000006.jpg","Harry Potter and the Philosopher's Stone","J. K. Rowling","Hardback","4.5","30.91","$","38.6","9781408845646","Teen-Young-Adult","dataset/Teen-Young-Adult/0000006.jpg"
"https://res.cloudinary.com/dwejbxhu7/image/upload/v1775648970/books/Teen-Young-Adult/0000007.jpg","Fantastic Beasts and Where to Find Them","J. K. Rowling","Hardback","4.5","11.05","$","21.5","9781408708989","Teen-Young-Adult","dataset/Teen-Young-Adult/0000007.jpg"
"https://res.cloudinary.com/dwejbxhu7/image/upload/v1775648971/books/Teen-Young-Adult/0000008.jpg","The Hunger Games","Suzanne Collins","Paperback","4.5","10.96","$","12.9","9780439023528","Teen-Young-Adult","dataset/Teen-Young-Adult/0000008.jpg"
"https://res.cloudinary.com/dwejbxhu7/image/upload/v1775648972/books/Teen-Young-Adult/0000009.jpg","Gangsta Granny","David Walliams","Paperback","4.5","7.52","$","8.99","9780007371464","Teen-Young-Adult","dataset/Teen-Young-Adult/0000009.jpg"
"https://res.cloudinary.com/dwejbxhu7/image/upload/v1775648973/books/Teen-Young-Adult/0000010.jpg","Fantastically Great Women Who Changed The World","Kate Pankhurst","Paperback","4.5","7.82","$","8.8","9781408876985","Teen-Young-Adult","dataset/Teen-Young-Adult/0000010.jpg"
"https://res.cloudinary.com/dwejbxhu7/image/upload/v1775648974/books/Teen-Young-Adult/0000011.jpg","Harry Potter and the Philosopher's Stone","J. K. Rowling","Paperback","4.5","8.13","$","10.3","9781408855652","Teen-Young-Adult","dataset/Teen-Young-Adult/0000011.jpg"
"https://res.cloudinary.com/dwejbxhu7/image/upload/v1775648975/books/Teen-Young-Adult/0000012.jpg","Miss Peregrine's Home For Peculiar Children","Ransom Riggs","Paperback","4.0","9.71","$","11.4","9781594746031","Teen-Young-Adult","dataset/Teen-Young-Adult/0000012.jpg"
"https://res.cloudinary.com/dwejbxhu7/image/upload/v1775648977/books/Teen-Young-Adult/0000013.jpg","The Tales of Beedle the Bard","J. K. Rowling","Hardback","4.0","9.14","$","12.4","9780747599876","Teen-Young-Adult","dataset/Teen-Young-Adult/0000013.jpg"
"https://res.cloudinary.com/dwejbxhu7/image/upload/v1775648978/books/Teen-Young-Adult/0000014.jpg","Harry Potter Box Set: The Complete Collection Children's Paperback","J. K. Rowling","Paperback","4.5","93.93","$","","9781408856772","Teen-Young-Adult","dataset/Teen-Young-Adult/0000014.jpg"
"https://res.cloudinary.com/dwejbxhu7/image/upload/v1775648979/books/Teen-Young-Adult/0000015.jpg","Aristotle and Dante Discover the Secrets of the Universe","Benjamin Alire Saenz","Paperback","4.5","7.72","$","15.0","9781442408937","Teen-Young-Adult","dataset/Teen-Young-Adult/0000015.jpg"
"https://res.cloudinary.com/dwejbxhu7/image/upload/v1775648980/books/Teen-Young-Adult/0000016.jpg","Dungeons & Dragons Player's Handbook (Dungeons & Dragons Core Rulebooks)","Wizards of the Coast","Hardback","4.5","31.94","$","48.4","9780786965601","Teen-Young-Adult","dataset/Teen-Young-Adult/0000016.jpg"
"https://res.cloudinary.com/dwejbxhu7/image/upload/v1775648981/books/Teen-Young-Adult/0000017.jpg","The Fault in Our Stars","John Green","Paperback","4.0","7.94","$","10.5","9780141345659","Teen-Young-Adult","dataset/Teen-Young-Adult/0000017.jpg"
"https://res.cloudinary.com/dwejbxhu7/image/upload/v1775648982/books/Teen-Young-Adult/0000018.jpg","Throne of Glass","Sarah J. Maas","Paperback","4.0","8.12","$","10.5","9781408832332","Teen-Young-Adult","dataset/Teen-Young-Adult/0000018.jpg"
"https://res.cloudinary.com/dwejbxhu7/image/upload/v1775648983/books/Teen-Young-Adult/0000019.jpg","Looking for Alaska","John Green","Paperback","4.0","11.2","$","","9780142402511","Teen-Young-Adult","dataset/Teen-Young-Adult/0000019.jpg"
"https://res.cloudinary.com/dwejbxhu7/image/upload/v1775648985/books/Teen-Young-Adult/0000020.jpg","Everything, Everything","Nicola Yoon","Paperback","4.0","8.49","$","10.5","9780552574235","Teen-Young-Adult","dataset/Teen-Young-Adult/0000020.jpg"
"https://res.cloudinary.com/dwejbxhu7/image/upload/v1775648986/books/Transport/0000001.jpg","Bradshaw's Continental Railway Guide full edition","","Hardback","4.0","26.51","$","30.9","9781908402479","Transport","dataset/Transport/0000001.jpg"
"https://res.cloudinary.com/dwejbxhu7/image/upload/v1775648987/books/Transport/0000002.jpg","Bradshaw's Handbook","George Bradshaw","Hardback","4.0","18.05","$","30.9","9781908402486","Transport","dataset/Transport/0000002.jpg"
"https://res.cloudinary.com/dwejbxhu7/image/upload/v1775648988/books/Transport/0000003.jpg","Awesome Engines","Margaret Mayo","Paperback","4.0","7.07","$","8.8","9781841210803","Transport","dataset/Transport/0000003.jpg"
"https://res.cloudinary.com/dwejbxhu7/image/upload/v1775648989/books/Transport/0000004.jpg","Bradshaw's Handbook","George Bradshaw","Hardback","4.0","11.58","$","12.4","9781908402028","Transport","dataset/Transport/0000004.jpg"
"https://res.cloudinary.com/dwejbxhu7/image/upload/v1775648990/books/Transport/0000005.jpg","Jupiter's Travels","Ted Simon","Paperback","4.0","10.33","$","12.9","9780140054101","Transport","dataset/Transport/0000005.jpg"
"https://res.cloudinary.com/dwejbxhu7/image/upload/v1775648991/books/Transport/0000006.jpg","Awesome Engines: Emergency!","Margaret Mayo","Paperback","4.0","7.0","$","8.8","9781841212722","Transport","dataset/Transport/0000006.jpg"
"https://res.cloudinary.com/dwejbxhu7/image/upload/v1775648993/books/Transport/0000007.jpg","A Brief History of the Age of Steam","Thomas Crump","Paperback","3.5","5.52","$","11.4","9781845295530","Transport","dataset/Transport/0000007.jpg"
"https://res.cloudinary.com/dwejbxhu7/image/upload/v1775648994/books/Transport/0000008.jpg","Batavia","Peter Fitzsimons","Paperback","4.0","26.57","$","29.3","9781864711349","Transport","dataset/Transport/0000008.jpg"
"https://res.cloudinary.com/dwejbxhu7/image/upload/v1775648995/books/Transport/0000009.jpg","The Right Stuff","Tom Wolfe","Paperback","4.0","6.28","$","13.9","9780099479376","Transport","dataset/Transport/0000009.jpg"
"https://res.cloudinary.com/dwejbxhu7/image/upload/v1775648996/books/Transport/0000010.jpg","Empire of the Clouds","James Hamilton-Paterson","Paperback","4.0","5.59","$","13.9","9780571247950","Transport","dataset/Transport/0000010.jpg"
"https://res.cloudinary.com/dwejbxhu7/image/upload/v1775648998/books/Transport/0000011.jpg","Millennium Falcon Manual","Ryder Windham","Hardback","4.0","14.01","$","21.6","9780857330963","Transport","dataset/Transport/0000011.jpg"
"https://res.cloudinary.com/dwejbxhu7/image/upload/v1775648999/books/Transport/0000012.jpg","Stick and Rudder: An Explanation of the Art of Flying","Wolfgang Langewiesche","Hardback","4.5","21.67","$","36.0","9780070362406","Transport","dataset/Transport/0000012.jpg"
"https://res.cloudinary.com/dwejbxhu7/image/upload/v1775649000/books/Transport/0000013.jpg","A Week at the Airport","Alain de Botton","Paperback","3.5","8.09","$","11.4","9781846683596","Transport","dataset/Transport/0000013.jpg"
"https://res.cloudinary.com/dwejbxhu7/image/upload/v1775649001/books/Transport/0000014.jpg","Amazing Train Journeys","Lonely Planet","Hardback","4.0","19.71","$","25.2","9781787014305","Transport","dataset/Transport/0000014.jpg"
"https://res.cloudinary.com/dwejbxhu7/image/upload/v1775649002/books/Transport/0000015.jpg","Ace The Technical Pilot Interview 2/E","Gary V. Bristow","Paperback","4.0","20.88","$","29.95","9780071793865","Transport","dataset/Transport/0000015.jpg"
"https://res.cloudinary.com/dwejbxhu7/image/upload/v1775649003/books/Transport/0000016.jpg","The World According to Clarkson","Jeremy Clarkson","Paperback","3.5","9.36","$","11.4","9780141017891","Transport","dataset/Transport/0000016.jpg"
"https://res.cloudinary.com/dwejbxhu7/image/upload/v1775649004/books/Transport/0000017.jpg","Highest Duty","Chesley B. Sullenberger","Paperback","4.0","10.56","$","13.9","9780061924699","Transport","dataset/Transport/0000017.jpg"
"https://res.cloudinary.com/dwejbxhu7/image/upload/v1775649006/books/Transport/0000018.jpg","Endurance","Alfred Lansing","Paperback","4.5","13.82","$","","9780465062881","Transport","dataset/Transport/0000018.jpg"
"https://res.cloudinary.com/dwejbxhu7/image/upload/v1775649007/books/Transport/0000019.jpg","Zinn & the Art of Road Bike Maintenance","Lennard Zinn","Paperback","4.5","18.37","$","24.0","9781937715373","Transport","dataset/Transport/0000019.jpg"
"https://res.cloudinary.com/dwejbxhu7/image/upload/v1775649008/books/Transport/0000020.jpg","Luxury Cars Coloring Book","Bruce LaFontaine","Paperback","0.0","4.11","$","","9780486444369","Transport","dataset/Transport/0000020.jpg"
"https://res.cloudinary.com/dwejbxhu7/image/upload/v1775649009/books/Travel-Holiday-Guides/0000001.jpg","The Little Book of Hygge","Meik Wiking","Hardback","3.5","11.61","$","11.99","9780241283912","Travel-Holiday-Guides","dataset/Travel-Holiday-Guides/0000001.jpg"
"https://res.cloudinary.com/dwejbxhu7/image/upload/v1775649010/books/Travel-Holiday-Guides/0000002.jpg","Eat, Pray, Love","Elizabeth Gilbert","Paperback","3.5","8.86","$","11.4","9780747585664","Travel-Holiday-Guides","dataset/Travel-Holiday-Guides/0000002.jpg"
"https://res.cloudinary.com/dwejbxhu7/image/upload/v1775649011/books/Travel-Holiday-Guides/0000003.jpg","Humans of New York","Brandon Stanton","Hardback","4.5","21.46","$","30.4","9781250038821","Travel-Holiday-Guides","dataset/Travel-Holiday-Guides/0000003.jpg"
"https://res.cloudinary.com/dwejbxhu7/image/upload/v1775649012/books/Travel-Holiday-Guides/0000004.jpg","Born to Run","Christopher McDougall","Paperback","4.5","9.05","$","12.4","9781861978776","Travel-Holiday-Guides","dataset/Travel-Holiday-Guides/0000004.jpg"
"https://res.cloudinary.com/dwejbxhu7/image/upload/v1775649013/books/Travel-Holiday-Guides/0000005.jpg","Lion","Saroo Brierley","Paperback","4.0","8.85","$","10.8","9781405930994","Travel-Holiday-Guides","dataset/Travel-Holiday-Guides/0000005.jpg"
"https://res.cloudinary.com/dwejbxhu7/image/upload/v1775649014/books/Travel-Holiday-Guides/0000006.jpg","Into the Wild","Jon Krakauer","Paperback","4.0","7.07","$","11.4","9780330351690","Travel-Holiday-Guides","dataset/Travel-Holiday-Guides/0000006.jpg"
"https://res.cloudinary.com/dwejbxhu7/image/upload/v1775649016/books/Travel-Holiday-Guides/0000007.jpg","The Salt Path","Raynor Winn","Paperback","4.0","9.53","$","12.9","9781405937184","Travel-Holiday-Guides","dataset/Travel-Holiday-Guides/0000007.jpg"
"https://res.cloudinary.com/dwejbxhu7/image/upload/v1775649017/books/Travel-Holiday-Guides/0000008.jpg","Wild","Cheryl Strayed","Paperback","4.0","8.79","$","9.5","9781782390626","Travel-Holiday-Guides","dataset/Travel-Holiday-Guides/0000008.jpg"
"https://res.cloudinary.com/dwejbxhu7/image/upload/v1775649018/books/Travel-Holiday-Guides/0000009.jpg","Rick Stein's India","Rick Stein","Hardback","4.5","29.12","$","31.74","9781849905787","Travel-Holiday-Guides","dataset/Travel-Holiday-Guides/0000009.jpg"
"https://res.cloudinary.com/dwejbxhu7/image/upload/v1775649019/books/Travel-Holiday-Guides/0000010.jpg","Atlas Obscura","Joshua Foer","Hardback","4.0","26.94","$","30.95","9780761169086","Travel-Holiday-Guides","dataset/Travel-Holiday-Guides/0000010.jpg"
"https://res.cloudinary.com/dwejbxhu7/image/upload/v1775649020/books/Travel-Holiday-Guides/0000011.jpg","Eat, Pray, Love","Elizabeth Gilbert","Paperback","3.5","8.09","$","8.8","9780747589358","Travel-Holiday-Guides","dataset/Travel-Holiday-Guides/0000011.jpg"
"https://res.cloudinary.com/dwejbxhu7/image/upload/v1775649021/books/Travel-Holiday-Guides/0000012.jpg","Heroes","Stephen Fry","Paperback","4.5","18.36","$","","9780241380376","Travel-Holiday-Guides","dataset/Travel-Holiday-Guides/0000012.jpg"
"https://res.cloudinary.com/dwejbxhu7/image/upload/v1775649022/books/Travel-Holiday-Guides/0000013.jpg","An Idiot Abroad","Karl Pilkington","Paperback","4.0","8.47","$","12.4","9781847679277","Travel-Holiday-Guides","dataset/Travel-Holiday-Guides/0000013.jpg"
"https://res.cloudinary.com/dwejbxhu7/image/upload/v1775649024/books/Travel-Holiday-Guides/0000014.jpg","How To Be Parisian","Anne Berest","Hardback","3.5","18.49","$","21.5","9780091958091","Travel-Holiday-Guides","dataset/Travel-Holiday-Guides/0000014.jpg"
"https://res.cloudinary.com/dwejbxhu7/image/upload/v1775649025/books/Travel-Holiday-Guides/0000015.jpg","Humans of New York","Brandon Stanton","Hardback","4.5","23.45","$","30.4","9781250058904","Travel-Holiday-Guides","dataset/Travel-Holiday-Guides/0000015.jpg"
"https://res.cloudinary.com/dwejbxhu7/image/upload/v1775649026/books/Travel-Holiday-Guides/0000016.jpg","Homage to Catalonia","George Orwell","Paperback","4.0","9.53","$","11.4","9780141183053","Travel-Holiday-Guides","dataset/Travel-Holiday-Guides/0000016.jpg"
"https://res.cloudinary.com/dwejbxhu7/image/upload/v1775649027/books/Travel-Holiday-Guides/0000017.jpg","Lonely Planet's Ultimate Travelist","Lonely Planet","Hardback","4.5","25.55","$","","9781743607473","Travel-Holiday-Guides","dataset/Travel-Holiday-Guides/0000017.jpg"
"https://res.cloudinary.com/dwejbxhu7/image/upload/v1775649028/books/Travel-Holiday-Guides/0000018.jpg","The Corfu Trilogy","Gerald Durrell","Paperback","4.5","15.8","$","18.0","9780141028415","Travel-Holiday-Guides","dataset/Travel-Holiday-Guides/0000018.jpg"
"https://res.cloudinary.com/dwejbxhu7/image/upload/v1775649029/books/Travel-Holiday-Guides/0000019.jpg","Endurance: Shackleton's Incredible Voyage","Alfred Lansing","Paperback","4.5","5.61","$","12.9","9780753809877","Travel-Holiday-Guides","dataset/Travel-Holiday-Guides/0000019.jpg"
"https://res.cloudinary.com/dwejbxhu7/image/upload/v1775649030/books/Travel-Holiday-Guides/0000020.jpg","The Road to Little Dribbling","Bill Bryson","Hardback","3.5","21.19","$","24.0","9780857522344","Travel-Holiday-Guides","dataset/Travel-Holiday-Guides/0000020.jpg"